label,node_rows_removed,node_loss_pct,critical_removed,critical_removed_share_pct,any_issue_removed_est,any_issue_removed_share_pct,q1_no_pct,critical_rate_all_pct,benefit_per_node_loss,suggested_use
mullion,13,0.05,10,0.19,13,0.09,46.15,76.92,4.7,inspect_or_prune_candidate
petal,11,0.04,7,0.14,10,0.07,0,63.64,4.375,inspect_or_prune_candidate
stove,10,0.04,6,0.12,7,0.05,30,60,3.625,inspect_or_prune_candidate
palm,103,0.41,58,1.12,89,0.65,42.72,56.31,3.524,inspect_or_prune_candidate
leaf,124,0.49,68,1.31,111,0.81,4.03,54.84,3.5,inspect_or_prune_candidate
grout,21,0.08,11,0.21,19,0.14,0,52.38,3.5,inspect_or_prune_candidate
brick,26,0.1,13,0.25,20,0.15,0,50,3.25,inspect_or_prune_candidate
twig,15,0.06,8,0.15,12,0.09,0,53.33,3.25,inspect_or_prune_candidate
sausage,10,0.04,5,0.1,8,0.06,0,50,3.25,inspect_or_prune_candidate
branch,68,0.27,35,0.68,54,0.39,2.94,51.47,3.241,inspect_or_prune_candidate
peel,12,0.05,6,0.12,11,0.08,16.67,50,3.2,inspect_or_prune_candidate
crust,36,0.14,17,0.33,31,0.23,5.56,47.22,3.179,inspect_or_prune_candidate
bar,12,0.05,6,0.12,10,0.07,33.33,50,3.1,inspect_or_prune_candidate
bezel,42,0.17,20,0.39,37,0.27,4.76,47.62,3.088,inspect_or_prune_candidate
lane,14,0.06,7,0.14,13,0.09,28.57,50,3.083,inspect_or_prune_candidate
fingertip,14,0.06,7,0.14,12,0.09,21.43,50,3.083,inspect_or_prune_candidate
counter,17,0.07,9,0.17,12,0.09,29.41,52.94,3.071,inspect_or_prune_candidate
topping,14,0.06,7,0.14,11,0.08,7.14,50,3,inspect_or_prune_candidate
slice,10,0.04,5,0.1,6,0.04,10,50,3,inspect_or_prune_candidate
frame,237,0.93,107,2.07,192,1.4,10.97,45.15,2.978,inspect_or_prune_candidate
tree,343,1.35,155,3,275,2.01,1.46,45.19,2.967,inspect_or_prune_candidate
arch,19,0.07,8,0.15,15,0.11,15.79,42.11,2.929,inspect_or_prune_candidate
toy,18,0.07,8,0.15,15,0.11,11.11,44.44,2.929,inspect_or_prune_candidate
waistband,79,0.31,35,0.68,62,0.45,27.85,44.3,2.919,inspect_or_prune_candidate
handrail,26,0.1,11,0.21,22,0.16,23.08,42.31,2.9,inspect_or_prune_candidate
spine,11,0.04,4,0.08,10,0.07,0,36.36,2.875,inspect_or_prune_candidate
book,37,0.15,17,0.33,28,0.2,10.81,45.95,2.867,inspect_or_prune_candidate
surface,31,0.12,13,0.25,24,0.18,3.23,41.94,2.833,inspect_or_prune_candidate
spectator,20,0.08,8,0.15,19,0.14,0,40,2.75,inspect_or_prune_candidate
peak,15,0.06,6,0.12,12,0.09,6.67,40,2.75,inspect_or_prune_candidate
deck,10,0.04,4,0.08,8,0.06,10,40,2.75,inspect_or_prune_candidate
crack,10,0.04,4,0.08,8,0.06,10,40,2.75,inspect_or_prune_candidate
fingernail,19,0.07,7,0.14,14,0.1,0,36.84,2.714,inspect_or_prune_candidate
trim,13,0.05,5,0.1,10,0.07,15.38,38.46,2.7,inspect_or_prune_candidate
muzzle,12,0.05,5,0.1,10,0.07,41.67,41.67,2.7,inspect_or_prune_candidate
batter,12,0.05,5,0.1,10,0.07,8.33,41.67,2.7,inspect_or_prune_candidate
border,12,0.05,5,0.1,10,0.07,8.33,41.67,2.7,inspect_or_prune_candidate
cloud,82,0.32,32,0.62,65,0.47,9.76,39.02,2.672,inspect_or_prune_candidate
flower,39,0.15,15,0.29,29,0.21,7.69,38.46,2.633,inspect_or_prune_candidate
knot,10,0.04,4,0.08,7,0.05,40,40,2.625,inspect_or_prune_candidate
oven,10,0.04,4,0.08,7,0.05,10,40,2.625,inspect_or_prune_candidate
spoke,10,0.04,4,0.08,7,0.05,0,40,2.625,inspect_or_prune_candidate
pillar,14,0.06,6,0.12,9,0.07,14.29,42.86,2.583,inspect_or_prune_candidate
ramp,14,0.06,6,0.12,10,0.07,7.14,42.86,2.583,inspect_or_prune_candidate
tile,55,0.22,22,0.43,37,0.27,0,40,2.568,inspect_or_prune_candidate
plank,21,0.08,8,0.15,15,0.11,0,38.1,2.562,inspect_or_prune_candidate
knuckle,55,0.22,20,0.39,47,0.34,5.45,36.36,2.545,inspect_or_prune_candidate
foliage,89,0.35,33,0.64,68,0.5,3.37,37.08,2.543,inspect_or_prune_candidate
rail,43,0.17,16,0.31,33,0.24,13.95,37.21,2.529,inspect_or_prune_candidate
skin,24,0.09,9,0.17,15,0.11,4.17,37.5,2.5,inspect_or_prune_candidate
foam,12,0.05,5,0.1,7,0.05,8.33,41.67,2.5,inspect_or_prune_candidate
tread,12,0.05,5,0.1,7,0.05,8.33,41.67,2.5,inspect_or_prune_candidate
statue,11,0.04,4,0.08,6,0.04,27.27,36.36,2.5,inspect_or_prune_candidate
snow,41,0.16,15,0.29,29,0.21,7.32,36.59,2.469,inspect_or_prune_candidate
marking,23,0.09,8,0.15,19,0.14,4.35,34.78,2.444,inspect_or_prune_candidate
clothing,21,0.08,7,0.14,15,0.11,4.76,33.33,2.438,inspect_or_prune_candidate
bracket,35,0.14,13,0.25,25,0.18,25.71,37.14,2.429,inspect_or_prune_candidate
snout,19,0.07,6,0.12,14,0.1,15.79,31.58,2.429,inspect_or_prune_candidate
stem,72,0.28,26,0.5,48,0.35,5.56,36.11,2.411,inspect_or_prune_candidate
wire,52,0.2,18,0.35,36,0.26,1.92,34.62,2.4,inspect_or_prune_candidate
handlebar,30,0.12,11,0.21,21,0.15,10,36.67,2.375,inspect_or_prune_candidate
seam,37,0.15,14,0.27,23,0.17,21.62,37.84,2.367,inspect_or_prune_candidate
back,17,0.07,6,0.12,13,0.09,11.76,35.29,2.357,inspect_or_prune_candidate
thigh,91,0.36,30,0.58,72,0.53,7.69,32.97,2.347,inspect_or_prune_candidate
bed,23,0.09,8,0.15,17,0.12,4.35,34.78,2.333,inspect_or_prune_candidate
rack,15,0.06,5,0.1,11,0.08,20,33.33,2.333,inspect_or_prune_candidate
toe,15,0.06,5,0.1,11,0.08,13.33,33.33,2.333,inspect_or_prune_candidate
body,20,0.08,7,0.14,12,0.09,5,35,2.312,inspect_or_prune_candidate
barrier,13,0.05,4,0.08,9,0.07,23.08,30.77,2.3,inspect_or_prune_candidate
baseboard,12,0.05,4,0.08,9,0.07,33.33,33.33,2.3,inspect_or_prune_candidate
archway,12,0.05,4,0.08,9,0.07,0,33.33,2.3,inspect_or_prune_candidate
track,36,0.14,12,0.23,25,0.18,11.11,33.33,2.286,inspect_or_prune_candidate
knee,90,0.35,28,0.54,68,0.5,6.67,31.11,2.257,inspect_or_prune_candidate
reflection,25,0.1,8,0.15,20,0.15,8,32,2.25,inspect_or_prune_candidate
key,20,0.08,6,0.12,17,0.12,5,30,2.25,inspect_or_prune_candidate
sheet,15,0.06,5,0.1,10,0.07,20,33.33,2.25,inspect_or_prune_candidate
rope,15,0.06,5,0.1,9,0.07,0,33.33,2.25,inspect_or_prune_candidate
gate,10,0.04,3,0.06,8,0.06,10,30,2.25,inspect_or_prune_candidate
beam,29,0.11,9,0.17,20,0.15,17.24,31.03,2.227,inspect_or_prune_candidate
text,25,0.1,8,0.15,19,0.14,0,32,2.2,inspect_or_prune_candidate
lamppost,12,0.05,4,0.08,8,0.06,8.33,33.33,2.2,inspect_or_prune_candidate
truck,20,0.08,7,0.14,10,0.07,0,35,2.188,inspect_or_prune_candidate
shelf,84,0.33,27,0.52,55,0.4,13.1,32.14,2.182,inspect_or_prune_candidate
mesh,28,0.11,9,0.17,19,0.14,7.14,32.14,2.182,inspect_or_prune_candidate
rock,70,0.28,23,0.44,47,0.34,5.71,32.86,2.179,inspect_or_prune_candidate
fence,180,0.71,56,1.08,128,0.93,8.33,31.11,2.176,inspect_or_prune_candidate
letter,99,0.39,30,0.58,72,0.53,0,30.3,2.167,inspect_or_prune_candidate
meat,15,0.06,4,0.08,14,0.1,13.33,26.67,2.167,inspect_or_prune_candidate
line,41,0.16,12,0.23,30,0.22,2.44,29.27,2.125,inspect_or_prune_candidate
nail,21,0.08,6,0.12,14,0.1,9.52,28.57,2.125,inspect_or_prune_candidate
fin,10,0.04,3,0.06,7,0.05,10,30,2.125,inspect_or_prune_candidate
slat,48,0.19,15,0.29,30,0.22,6.25,31.25,2.105,inspect_or_prune_candidate
tent,13,0.05,4,0.08,7,0.05,30.77,30.77,2.1,inspect_or_prune_candidate
sheep,12,0.05,4,0.08,7,0.05,0,33.33,2.1,inspect_or_prune_candidate
wrist,79,0.31,25,0.48,46,0.34,5.06,31.65,2.097,inspect_or_prune_candidate
tray,28,0.11,9,0.17,17,0.12,14.29,32.14,2.091,inspect_or_prune_candidate
railing,91,0.36,26,0.5,68,0.5,12.09,28.57,2.083,inspect_or_prune_candidate
bark,16,0.06,4,0.08,13,0.09,12.5,25,2.083,inspect_or_prune_candidate
chimney,17,0.07,5,0.1,12,0.09,17.65,29.41,2.071,inspect_or_prune_candidate
ankle,17,0.07,5,0.1,12,0.09,11.76,29.41,2.071,inspect_or_prune_candidate
cornice,17,0.07,5,0.1,13,0.09,0,29.41,2.071,inspect_or_prune_candidate
wiper,20,0.08,6,0.12,12,0.09,20,30,2.062,inspect_or_prune_candidate
cuff,89,0.35,25,0.48,64,0.47,15.73,28.09,2.043,inspect_or_prune_candidate
balcony,35,0.14,11,0.21,21,0.15,11.43,31.43,2.036,inspect_or_prune_candidate
post,269,1.06,77,1.49,183,1.33,9.29,28.62,2.033,inspect_or_prune_candidate
pavement,44,0.17,13,0.25,26,0.19,4.55,29.55,2.029,inspect_or_prune_candidate
cable,43,0.17,12,0.23,31,0.23,4.65,27.91,2.029,inspect_or_prune_candidate
tail,152,0.6,45,0.87,91,0.66,17.76,29.61,2,inspect_or_prune_candidate
shoulder,33,0.13,9,0.17,24,0.18,21.21,27.27,2,inspect_or_prune_candidate
field,24,0.09,6,0.12,16,0.12,4.17,25,2,inspect_or_prune_candidate
court,22,0.09,6,0.12,16,0.12,0,27.27,2,inspect_or_prune_candidate
tower,17,0.07,5,0.1,11,0.08,5.88,29.41,2,inspect_or_prune_candidate
step,11,0.04,3,0.06,5,0.04,0,27.27,2,inspect_or_prune_candidate
ladder,10,0.04,3,0.06,6,0.04,10,30,2,inspect_or_prune_candidate
staircase,10,0.04,3,0.06,5,0.04,0,30,2,inspect_or_prune_candidate
spire,10,0.04,3,0.06,5,0.04,0,30,2,inspect_or_prune_candidate
sill,39,0.15,11,0.21,23,0.17,10.26,28.21,1.967,inspect_or_prune_candidate
dirt,46,0.18,13,0.25,27,0.2,4.35,28.26,1.944,inspect_or_prune_candidate
strap,86,0.34,24,0.46,55,0.4,11.63,27.91,1.941,inspect_or_prune_candidate
sidewalk,72,0.28,19,0.37,46,0.34,8.33,26.39,1.929,inspect_or_prune_candidate
cover,15,0.06,4,0.08,9,0.07,13.33,26.67,1.917,inspect_or_prune_candidate
dial,15,0.06,4,0.08,9,0.07,13.33,26.67,1.917,inspect_or_prune_candidate
lettering,51,0.2,14,0.27,30,0.22,0,27.45,1.9,inspect_or_prune_candidate
fold,13,0.05,3,0.06,9,0.07,7.69,23.08,1.9,inspect_or_prune_candidate
panel,126,0.5,33,0.64,82,0.6,8.73,26.19,1.88,inspect_or_prune_candidate
jar,10,0.04,3,0.06,4,0.03,0,30,1.875,inspect_or_prune_candidate
torso,83,0.33,23,0.44,48,0.35,1.2,27.71,1.864,inspect_or_prune_candidate
house,27,0.11,7,0.14,18,0.13,7.41,25.93,1.864,inspect_or_prune_candidate
beard,17,0.07,4,0.08,14,0.1,5.88,23.53,1.857,inspect_or_prune_candidate
basket,26,0.1,8,0.15,10,0.07,7.69,30.77,1.85,inspect_or_prune_candidate
hinge,34,0.13,9,0.17,19,0.14,5.88,26.47,1.846,inspect_or_prune_candidate
pillow,37,0.15,11,0.21,18,0.13,18.92,29.73,1.833,inspect_or_prune_candidate
beach,16,0.06,4,0.08,8,0.06,6.25,25,1.833,inspect_or_prune_candidate
sandwich,15,0.06,4,0.08,8,0.06,6.67,26.67,1.833,inspect_or_prune_candidate
lip,36,0.14,8,0.15,29,0.21,8.33,22.22,1.821,inspect_or_prune_candidate
bolt,21,0.08,5,0.1,12,0.09,4.76,23.81,1.813,inspect_or_prune_candidate
mouth,201,0.79,51,0.99,121,0.88,8.46,25.37,1.81,inspect_or_prune_candidate
cheese,26,0.1,6,0.12,17,0.12,7.69,23.08,1.8,inspect_or_prune_candidate
numeral,13,0.05,3,0.06,8,0.06,0,23.08,1.8,inspect_or_prune_candidate
visor,12,0.05,3,0.06,8,0.06,16.67,25,1.8,inspect_or_prune_candidate
icon,12,0.05,3,0.06,8,0.06,8.33,25,1.8,inspect_or_prune_candidate
bicycle,30,0.12,8,0.15,18,0.13,0,26.67,1.792,inspect_or_prune_candidate
bread,19,0.07,4,0.08,12,0.09,5.26,21.05,1.786,inspect_or_prune_candidate
cord,19,0.07,4,0.08,12,0.09,5.26,21.05,1.786,inspect_or_prune_candidate
poster,18,0.07,4,0.08,12,0.09,0,22.22,1.786,inspect_or_prune_candidate
lapel,17,0.07,4,0.08,12,0.09,5.88,23.53,1.786,inspect_or_prune_candidate
collar,148,0.58,36,0.7,92,0.67,14.86,24.32,1.784,inspect_or_prune_candidate
building,215,0.85,52,1,140,1.02,2.33,24.19,1.776,inspect_or_prune_candidate
thumb,29,0.11,6,0.12,20,0.15,6.9,20.69,1.773,inspect_or_prune_candidate
seat,89,0.35,23,0.44,49,0.36,6.74,25.84,1.771,inspect_or_prune_candidate
cushion,38,0.15,10,0.19,21,0.15,5.26,26.32,1.767,inspect_or_prune_candidate
shrub,46,0.18,11,0.21,29,0.21,0,23.91,1.75,inspect_or_prune_candidate
molding,45,0.18,11,0.21,29,0.21,2.22,24.44,1.75,inspect_or_prune_candidate
refrigerator,15,0.06,4,0.08,7,0.05,0,26.67,1.75,inspect_or_prune_candidate
grip,14,0.06,3,0.06,12,0.09,7.14,21.43,1.75,inspect_or_prune_candidate
finger,230,0.91,53,1.02,156,1.14,0.87,23.04,1.747,inspect_or_prune_candidate
button,85,0.33,20,0.39,50,0.36,8.24,23.53,1.727,inspect_or_prune_candidate
tip,35,0.14,7,0.14,27,0.2,8.57,20,1.714,inspect_or_prune_candidate
column,49,0.19,12,0.23,26,0.19,8.16,24.49,1.711,inspect_or_prune_candidate
sole,78,0.31,18,0.35,49,0.36,2.56,23.08,1.71,inspect_or_prune_candidate
spout,12,0.05,3,0.06,7,0.05,16.67,25,1.7,inspect_or_prune_candidate
leg,555,2.18,128,2.47,337,2.46,1.8,23.06,1.697,inspect_or_prune_candidate
door,253,1,60,1.16,145,1.06,8.7,23.72,1.69,inspect_or_prune_candidate
foot,127,0.5,30,0.58,72,0.53,3.15,23.62,1.69,inspect_or_prune_candidate
zipper,41,0.16,9,0.17,28,0.2,12.2,21.95,1.688,inspect_or_prune_candidate
pant,20,0.08,5,0.1,9,0.07,10,25,1.688,inspect_or_prune_candidate
platform,29,0.11,7,0.14,13,0.09,6.9,24.14,1.682,inspect_or_prune_candidate
banana,16,0.06,4,0.08,6,0.04,0,25,1.667,inspect_or_prune_candidate
wall,491,1.93,109,2.11,295,2.15,3.46,22.2,1.65,inspect_or_prune_candidate
light,53,0.21,13,0.25,26,0.19,7.55,24.53,1.643,inspect_or_prune_candidate
lettuce,18,0.07,3,0.06,15,0.11,0,16.67,1.643,inspect_or_prune_candidate
cabinet,74,0.29,17,0.33,40,0.29,8.11,22.97,1.638,inspect_or_prune_candidate
container,28,0.11,6,0.12,17,0.12,7.14,21.43,1.636,inspect_or_prune_candidate
bush,30,0.12,7,0.14,15,0.11,0,23.33,1.625,inspect_or_prune_candidate
ski,21,0.08,5,0.1,8,0.06,4.76,23.81,1.625,inspect_or_prune_candidate
doorway,20,0.08,4,0.08,14,0.1,5,20,1.625,inspect_or_prune_candidate
pocket,139,0.55,31,0.6,80,0.58,15.83,22.3,1.618,inspect_or_prune_candidate
monitor,24,0.09,5,0.1,12,0.09,20.83,20.83,1.611,inspect_or_prune_candidate
patch,13,0.05,3,0.06,6,0.04,23.08,23.08,1.6,inspect_or_prune_candidate
path,12,0.05,3,0.06,6,0.04,16.67,25,1.6,inspect_or_prune_candidate
kite,12,0.05,3,0.06,6,0.04,0,25,1.6,inspect_or_prune_candidate
cheek,169,0.67,35,0.68,107,0.78,5.33,20.71,1.597,inspect_or_prune_candidate
grass,238,0.94,51,0.99,138,1.01,2.52,21.43,1.59,inspect_or_prune_candidate
trunk,176,0.69,36,0.7,109,0.79,2.27,20.45,1.587,inspect_or_prune_candidate
bracelet,15,0.06,4,0.08,4,0.03,13.33,26.67,1.583,inspect_or_prune_candidate
shaft,16,0.06,3,0.06,10,0.07,6.25,18.75,1.583,inspect_or_prune_candidate
placket,15,0.06,3,0.06,9,0.07,6.67,20,1.583,inspect_or_prune_candidate
buckle,34,0.13,7,0.14,18,0.13,11.76,20.59,1.577,inspect_or_prune_candidate
desk,36,0.14,6,0.12,28,0.2,5.56,16.67,1.571,inspect_or_prune_candidate
sauce,18,0.07,4,0.08,8,0.06,5.56,22.22,1.571,inspect_or_prune_candidate
pane,143,0.56,29,0.56,87,0.63,2.1,20.28,1.562,inspect_or_prune_candidate
neckline,20,0.08,4,0.08,12,0.09,10,20,1.562,inspect_or_prune_candidate
tine,20,0.08,4,0.08,12,0.09,5,20,1.562,inspect_or_prune_candidate
window,423,1.67,88,1.7,247,1.8,3.31,20.8,1.557,inspect_or_prune_candidate
stand,24,0.09,4,0.08,16,0.12,8.33,16.67,1.556,inspect_or_prune_candidate
phone,29,0.11,6,0.12,14,0.1,13.79,20.69,1.545,inspect_or_prune_candidate
glass,85,0.33,17,0.33,45,0.33,4.71,20,1.5,inspect_or_prune_candidate
display,24,0.09,5,0.1,10,0.07,4.17,20.83,1.5,inspect_or_prune_candidate
nozzle,13,0.05,2,0.04,9,0.07,15.38,15.38,1.5,inspect_or_prune_candidate
scale,11,0.04,2,0.04,6,0.04,18.18,18.18,1.5,inspect_or_prune_candidate
pedestal,11,0.04,2,0.04,6,0.04,9.09,18.18,1.5,inspect_or_prune_candidate
teddy_bear,11,0.04,2,0.04,5,0.04,9.09,18.18,1.5,inspect_or_prune_candidate
frosting,11,0.04,2,0.04,6,0.04,0,18.18,1.5,inspect_or_prune_candidate
locomotive,10,0.04,2,0.04,5,0.04,10,20,1.5,inspect_or_prune_candidate
arm,379,1.49,70,1.35,222,1.62,1.06,18.47,1.45,monitor
paper,45,0.18,9,0.17,25,0.18,8.89,20,1.444,monitor
plant,42,0.17,9,0.17,20,0.15,0,21.43,1.441,monitor
ground,118,0.46,23,0.44,60,0.44,1.69,19.49,1.435,monitor
lamp,58,0.23,12,0.23,27,0.2,6.9,20.69,1.435,monitor
blade,19,0.07,4,0.08,6,0.04,5.26,21.05,1.429,monitor
outlet,18,0.07,4,0.08,6,0.04,5.56,22.22,1.429,monitor
bag,87,0.34,17,0.33,42,0.31,9.2,19.54,1.426,monitor
head,675,2.66,130,2.51,348,2.54,1.78,19.26,1.421,monitor
chain,15,0.06,3,0.06,7,0.05,6.67,20,1.417,monitor
chin,59,0.23,11,0.21,32,0.23,0,18.64,1.413,monitor
nostril,40,0.16,8,0.15,20,0.15,17.5,20,1.406,monitor
faucet,26,0.1,5,0.1,11,0.08,11.54,19.23,1.4,monitor
roof,214,0.84,38,0.73,122,0.89,3.74,17.76,1.399,monitor
base,163,0.64,32,0.62,75,0.55,9.82,19.63,1.398,monitor
forearm,185,0.73,31,0.6,113,0.82,0.54,16.76,1.384,monitor
bridge,20,0.08,3,0.06,14,0.1,15,15,1.375,monitor
rod,10,0.04,2,0.04,4,0.03,20,20,1.375,monitor
headband,10,0.04,2,0.04,4,0.03,0,20,1.375,monitor
sleeve,393,1.55,69,1.33,218,1.59,3.56,17.56,1.371,monitor
wing,52,0.2,9,0.17,27,0.2,5.77,17.31,1.35,monitor
handle,243,0.96,44,0.85,120,0.88,9.05,18.11,1.344,monitor
napkin,30,0.12,5,0.1,17,0.12,13.33,16.67,1.333,monitor
brim,43,0.17,8,0.15,21,0.15,4.65,18.6,1.324,monitor
hem,78,0.31,14,0.27,39,0.28,7.69,17.95,1.323,monitor
pole,152,0.6,26,0.5,80,0.58,3.29,17.11,1.317,monitor
number,47,0.19,7,0.14,30,0.22,2.13,14.89,1.316,monitor
opening,13,0.05,2,0.04,7,0.05,0,15.38,1.3,monitor
neck,176,0.69,29,0.56,89,0.65,3.41,16.48,1.283,monitor
hat,51,0.2,7,0.14,31,0.23,3.92,13.73,1.275,monitor
backrest,60,0.24,10,0.19,32,0.23,0,16.67,1.271,monitor
windshield,54,0.21,9,0.17,26,0.19,5.56,16.67,1.262,monitor
mirror,68,0.27,11,0.21,35,0.26,2.94,16.18,1.259,monitor
eye,224,0.88,36,0.7,110,0.8,4.46,16.07,1.25,monitor
car,91,0.36,16,0.31,39,0.28,3.3,17.58,1.25,monitor
lace,50,0.2,7,0.14,30,0.22,4,14,1.25,monitor
cockpit,20,0.08,4,0.08,6,0.04,5,20,1.25,monitor
food,16,0.06,2,0.04,9,0.07,0,12.5,1.25,monitor
hood,66,0.26,11,0.21,30,0.22,6.06,16.67,1.231,monitor
top,34,0.13,5,0.1,17,0.12,0,14.71,1.231,monitor
curtain,45,0.18,7,0.14,22,0.16,6.67,15.56,1.222,monitor
knob,36,0.14,6,0.12,14,0.1,11.11,16.67,1.214,monitor
flap,18,0.07,3,0.06,7,0.05,11.11,16.67,1.214,monitor
canopy,19,0.07,2,0.04,13,0.09,5.26,10.53,1.214,monitor
face,227,0.89,34,0.66,112,0.82,3.96,14.98,1.202,monitor
wave,26,0.1,3,0.06,16,0.12,0,11.54,1.2,monitor
carrot,12,0.05,2,0.04,6,0.04,16.67,16.67,1.2,monitor
pot,12,0.05,2,0.04,5,0.04,8.33,16.67,1.2,monitor
carpet,12,0.05,2,0.04,5,0.04,0,16.67,1.2,monitor
eyebrow,40,0.16,5,0.1,25,0.18,0,12.5,1.188,monitor
pipe,28,0.11,4,0.08,14,0.1,3.57,14.29,1.182,monitor
slope,15,0.06,2,0.04,8,0.06,13.33,13.33,1.167,monitor
broccoli,15,0.06,2,0.04,8,0.06,6.67,13.33,1.167,monitor
table,119,0.47,18,0.35,54,0.39,2.52,15.13,1.16,monitor
fork,26,0.1,4,0.08,10,0.07,3.85,15.38,1.15,monitor
tire,60,0.24,7,0.14,37,0.27,0,11.67,1.146,monitor
shade,18,0.07,3,0.06,6,0.04,11.11,16.67,1.143,monitor
fender,29,0.11,4,0.08,13,0.09,6.9,13.79,1.136,monitor
hoof,27,0.11,3,0.06,18,0.13,0,11.11,1.136,monitor
tablecloth,10,0.04,2,0.04,2,0.01,0,20,1.125,monitor
awning,26,0.1,3,0.06,14,0.1,7.69,11.54,1.1,monitor
vent,55,0.22,7,0.14,28,0.2,10.91,12.73,1.091,monitor
blanket,16,0.06,2,0.04,7,0.05,6.25,12.5,1.083,monitor
switch,16,0.06,2,0.04,7,0.05,0,12.5,1.083,monitor
mask,14,0.06,2,0.04,7,0.05,7.14,14.29,1.083,monitor
hub,15,0.06,1,0.02,12,0.09,0,6.67,1.083,monitor
box,49,0.19,6,0.12,23,0.17,8.16,12.24,1.079,monitor
sign,232,0.91,30,0.58,109,0.79,4.74,12.93,1.071,monitor
lens,45,0.18,6,0.12,19,0.14,0,13.33,1.056,monitor
tomato,25,0.1,3,0.06,13,0.09,4,12,1.05,monitor
ear,334,1.31,42,0.81,154,1.12,2.99,12.57,1.046,monitor
shadow,28,0.11,3,0.06,15,0.11,0,10.71,1.045,monitor
hand,382,1.5,46,0.89,184,1.34,1.57,12.04,1.04,monitor
mane,39,0.15,4,0.08,20,0.15,0,10.26,1.033,monitor
mountain,50,0.2,6,0.12,23,0.17,4,12,1.025,monitor
shoe,134,0.53,16,0.31,63,0.46,2.24,11.94,1.019,monitor
chair,75,0.3,10,0.19,32,0.23,0,13.33,1.017,monitor
paw,36,0.14,4,0.08,16,0.12,0,11.11,1,monitor
forest,34,0.13,4,0.08,14,0.1,0,11.76,1,monitor
armrest,28,0.11,3,0.06,14,0.1,0,10.71,1,monitor
zebra,25,0.1,3,0.06,11,0.08,0,12,1,monitor
knife,22,0.09,3,0.06,8,0.06,4.55,13.64,1,monitor
backpack,18,0.07,2,0.04,8,0.06,5.56,11.11,1,monitor
hose,16,0.06,2,0.04,6,0.04,6.25,12.5,1,monitor
banner,16,0.06,2,0.04,5,0.04,0,12.5,1,monitor
sweater,15,0.06,2,0.04,6,0.04,0,13.33,1,monitor
ocean,15,0.06,2,0.04,6,0.04,0,13.33,1,monitor
vest,14,0.06,2,0.04,6,0.04,7.14,14.29,1,monitor
drain,12,0.05,2,0.04,3,0.02,16.67,16.67,1,monitor
onion,13,0.05,1,0.02,8,0.06,0,7.69,1,monitor
ledge,13,0.05,1,0.02,8,0.06,0,7.69,1,monitor
hole,11,0.04,1,0.02,5,0.04,0,9.09,1,monitor
liquid,11,0.04,1,0.02,6,0.04,0,9.09,1,monitor
boot,30,0.12,4,0.08,9,0.07,0,13.33,0.958,monitor
person,432,1.7,51,0.99,173,1.26,2.78,11.81,0.953,monitor
bumper,76,0.3,9,0.17,32,0.23,3.95,11.84,0.95,monitor
tank,24,0.09,2,0.04,13,0.09,4.17,8.33,0.944,monitor
bench,43,0.17,5,0.1,16,0.12,6.98,11.63,0.941,monitor
label,63,0.25,6,0.12,32,0.23,4.76,9.52,0.94,monitor
traffic_light,20,0.08,3,0.06,4,0.03,0,15,0.938,monitor
water,59,0.23,7,0.14,21,0.15,0,11.86,0.935,monitor
stripe,17,0.07,2,0.04,7,0.05,0,11.76,0.929,monitor
shirt,262,1.03,32,0.62,92,0.67,0.76,12.21,0.927,monitor
ceiling,68,0.27,7,0.14,30,0.22,0,10.29,0.926,monitor
sky,288,1.13,33,0.64,111,0.81,1.39,11.46,0.925,monitor
hair,271,1.07,30,0.58,113,0.82,0.74,11.07,0.925,monitor
taillight,34,0.13,3,0.06,16,0.12,2.94,8.82,0.923,monitor
keyboard,45,0.18,6,0.12,13,0.09,4.44,13.33,0.917,monitor
cake,16,0.06,2,0.04,4,0.03,0,12.5,0.917,monitor
ring,15,0.06,2,0.04,4,0.03,6.67,13.33,0.917,monitor
sock,44,0.17,5,0.1,15,0.11,0,11.36,0.912,monitor
plate,82,0.32,10,0.19,28,0.2,6.1,12.2,0.906,monitor
graphic,37,0.15,3,0.06,20,0.15,2.7,8.11,0.9,monitor
sandal,12,0.05,1,0.02,7,0.05,0,8.33,0.9,monitor
sunglasses,35,0.14,4,0.08,13,0.09,2.86,11.43,0.893,monitor
cap,105,0.41,11,0.21,43,0.31,5.71,10.48,0.89,monitor
wristband,24,0.09,3,0.06,6,0.04,0,12.5,0.889,monitor
train,23,0.09,2,0.04,11,0.08,0,8.7,0.889,monitor
grille,32,0.13,4,0.08,10,0.07,9.38,12.5,0.885,monitor
curb,41,0.16,4,0.08,17,0.12,2.44,9.76,0.875,monitor
airplane,31,0.12,3,0.06,12,0.09,3.23,9.68,0.875,monitor
belly,10,0.04,1,0.02,4,0.03,0,10,0.875,monitor
lid,95,0.37,10,0.19,35,0.26,6.32,10.53,0.865,monitor
fuselage,27,0.11,2,0.04,15,0.11,0,7.41,0.864,monitor
mouse,19,0.07,2,0.04,5,0.04,10.53,10.53,0.857,monitor
flag,17,0.07,2,0.04,6,0.04,5.88,11.76,0.857,monitor
log,17,0.07,2,0.04,6,0.04,5.88,11.76,0.857,monitor
arrow,17,0.07,2,0.04,5,0.04,0,11.76,0.857,monitor
road,76,0.3,7,0.14,31,0.23,0,9.21,0.85,monitor
drawer,26,0.1,2,0.04,12,0.09,0,7.69,0.85,monitor
bowl,39,0.15,4,0.08,13,0.09,0,10.26,0.833,monitor
engine,37,0.15,3,0.06,18,0.13,2.7,8.11,0.833,monitor
bat,24,0.09,2,0.04,10,0.07,0,8.33,0.833,monitor
jeans,23,0.09,2,0.04,9,0.07,0,8.7,0.833,monitor
jacket,90,0.35,8,0.15,38,0.28,0,8.89,0.829,monitor
wheel,162,0.64,15,0.29,66,0.48,1.23,9.26,0.828,monitor
floor,145,0.57,14,0.27,52,0.38,2.76,9.66,0.807,monitor
glove,78,0.31,7,0.14,30,0.22,1.28,8.97,0.806,monitor
skateboard,37,0.15,4,0.08,11,0.08,0,10.81,0.8,monitor
tongue,13,0.05,1,0.02,6,0.04,7.69,7.69,0.8,monitor
countertop,43,0.17,4,0.08,15,0.11,6.98,9.3,0.794,monitor
elephant,19,0.07,2,0.04,4,0.03,5.26,10.53,0.786,monitor
spoon,17,0.07,2,0.04,4,0.03,0,11.76,0.786,monitor
bird,18,0.07,1,0.02,10,0.07,5.56,5.56,0.786,monitor
logo,137,0.54,12,0.23,52,0.38,2.92,8.76,0.778,monitor
nose,239,0.94,22,0.43,82,0.6,2.93,9.21,0.777,monitor
forehead,221,0.87,17,0.33,89,0.65,1.81,7.69,0.753,monitor
pants,138,0.54,10,0.19,59,0.43,0,7.25,0.75,monitor
picture,36,0.14,3,0.06,13,0.09,0,8.33,0.75,monitor
skirt,16,0.06,1,0.02,7,0.05,6.25,6.25,0.75,monitor
cow,14,0.06,1,0.02,7,0.05,0,7.14,0.75,monitor
bottle,70,0.28,6,0.12,22,0.16,1.43,8.57,0.714,monitor
vase,19,0.07,2,0.04,3,0.02,5.26,10.53,0.714,monitor
glasses,43,0.17,3,0.06,17,0.12,0,6.98,0.706,monitor
elbow,43,0.17,2,0.04,22,0.16,0,4.65,0.706,monitor
sticker,37,0.15,3,0.06,12,0.09,0,8.11,0.7,monitor
umbrella,26,0.1,2,0.04,8,0.06,0,7.69,0.7,monitor
shorts,25,0.1,2,0.04,8,0.06,4,8,0.7,monitor
sofa,22,0.09,1,0.02,11,0.08,0,4.55,0.667,monitor
bathtub,16,0.06,1,0.02,5,0.04,0,6.25,0.667,monitor
tag,15,0.06,1,0.02,6,0.04,6.67,6.67,0.667,monitor
necklace,14,0.06,1,0.02,5,0.04,0,7.14,0.667,monitor
hull,17,0.07,0,0,13,0.09,0,0,0.643,monitor
helmet,56,0.22,4,0.08,17,0.12,0,7.14,0.636,monitor
jersey,41,0.16,2,0.04,17,0.12,0,4.88,0.625,monitor
towel,31,0.12,2,0.04,10,0.07,3.23,6.45,0.625,monitor
racket,30,0.12,2,0.04,10,0.07,0,6.67,0.625,monitor
surfboard,20,0.08,1,0.02,8,0.06,0,5,0.625,monitor
clock,34,0.13,2,0.04,11,0.08,0,5.88,0.615,monitor
boat,23,0.09,1,0.02,9,0.07,0,4.35,0.611,monitor
tie,26,0.1,2,0.04,5,0.04,0,7.69,0.6,monitor
giraffe,27,0.11,2,0.04,7,0.05,0,7.41,0.591,monitor
blind,16,0.06,1,0.02,4,0.03,0,6.25,0.583,monitor
can,15,0.06,1,0.02,4,0.03,6.67,6.67,0.583,monitor
rug,20,0.08,1,0.02,7,0.05,0,5,0.562,monitor
toilet,35,0.14,2,0.04,9,0.07,0,5.71,0.536,monitor
headlight,58,0.23,3,0.06,16,0.12,1.72,5.17,0.522,monitor
screen,63,0.25,3,0.06,18,0.13,4.76,4.76,0.5,monitor
horse,29,0.11,1,0.02,10,0.07,0,3.45,0.5,monitor
speaker,22,0.09,1,0.02,7,0.05,4.55,4.55,0.5,monitor
motorcycle,21,0.08,1,0.02,6,0.04,0,4.76,0.5,monitor
mug,16,0.06,1,0.02,3,0.02,0,6.25,0.5,monitor
horn,18,0.07,0,0,10,0.07,0,0,0.5,monitor
bear,13,0.05,0,0,7,0.05,0,0,0.5,monitor
boy,12,0.05,0,0,7,0.05,0,0,0.5,monitor
sink,32,0.13,2,0.04,6,0.04,3.12,6.25,0.462,monitor
short,34,0.13,1,0.02,11,0.08,0,2.94,0.462,monitor
laptop,31,0.12,1,0.02,9,0.07,0,3.23,0.458,monitor
belt,23,0.09,1,0.02,5,0.04,0,4.35,0.444,monitor
hoodie,16,0.06,1,0.02,2,0.01,0,6.25,0.417,monitor
hydrant,15,0.06,1,0.02,1,0.01,0,6.67,0.417,monitor
woman,15,0.06,0,0,7,0.05,0,0,0.417,monitor
palm_tree,12,0.05,0,0,6,0.04,0,0,0.4,monitor
man,22,0.09,0,0,10,0.07,0,0,0.389,monitor
donut,11,0.04,0,0,4,0.03,0,0,0.375,monitor
sand,11,0.04,0,0,4,0.03,0,0,0.375,monitor
trousers,28,0.11,1,0.02,6,0.04,0,3.57,0.364,monitor
hill,18,0.07,0,0,7,0.05,0,0,0.357,monitor
cup,25,0.1,1,0.02,4,0.03,0,4,0.35,monitor
television,15,0.06,0,0,6,0.04,0,0,0.333,monitor
exhaust,14,0.06,0,0,6,0.04,0,0,0.333,monitor
signage,12,0.05,0,0,4,0.03,0,0,0.3,monitor
dog,24,0.09,1,0.02,1,0.01,4.17,4.17,0.278,monitor
bus,25,0.1,0,0,7,0.05,0,0,0.25,monitor
beanie,11,0.04,0,0,3,0.02,0,0,0.25,monitor
vanity,10,0.04,0,0,3,0.02,0,0,0.25,monitor
scarf,10,0.04,0,0,3,0.02,0,0,0.25,monitor
cat,37,0.15,0,0,9,0.07,0,0,0.233,monitor
pizza,26,0.1,0,0,4,0.03,0,0,0.15,monitor
background,10,0.04,0,0,2,0.01,0,0,0.125,monitor
trashcan,10,0.04,0,0,1,0.01,0,0,0.125,monitor
hedge,12,0.05,0,0,1,0.01,0,0,0.1,monitor
beak,17,0.07,0,0,1,0.01,0,0,0.071,monitor
ball,24,0.09,0,0,1,0.01,0,0,0.056,monitor
frisbee,11,0.04,0,0,0,0,0,0,0,monitor
