id,image_id,tree_issue_severity,answer_overall_consistency,answer_missing_critical_nodes,summary_comment
user9,000000012756,critical,대체로 맞음,많이 있음,
user9,000000012570,critical,대체로 맞음,많이 있음,
user9,000000012488,critical,대체로 맞음,많이 있음,
user9,000000012472,critical,대체로 맞음,많이 있음,
user7,000000012166,critical,대체로 맞음,많이 있음,
user7,000000012146,critical,부분적으로 맞음,많이 있음,
user7,000000012115,critical,대체로 맞음,많이 있음,
user7,000000012079,critical,맞음,많이 있음,
user7,000000012047,critical,대체로 맞음,많이 있음,
user7,000000012010,critical,맞음,많이 있음,
user7,000000011925,critical,부분적으로 맞음,많이 있음,
user6,000000011702,critical,맞음,많이 있음,
user6,000000011677,critical,대체로 맞음,많이 있음,
user6,000000011638,critical,맞음,많이 있음,
user5,000000011505,critical,대체로 맞음,많이 있음,"여러운 사진.  나름 선방했으나 Book을 많이, 한꺼번에 인식 못한것이 아쉽다."
user5,000000011449,critical,대체로 맞음,많이 있음,"head에 neck과 hair가 있었으면 좋았을 것 같다. 남은 영역은 아쉽다.
그래도 좋다."
user4,000000011233,critical,대체로 맞음,많이 있음,"tree 와  pavilion 기단부가 segmentation에서 제외됨
"
user4,000000011223,critical,부분적으로 맞음,많이 있음,
user4,000000011188,critical,맞음,많이 있음,잎 객체 인식이 어려움은 인정하며 그럼에도 불구하고 판단 기준이 모호하게 분류됨
user3,000000011010,critical,대체로 맞음,많이 있음,
user3,000000010900,critical,대체로 맞음,많이 있음,
user3,000000010769,critical,대체로 맞음,많이 있음,
user3,000000010733,critical,대체로 맞음,많이 있음,
user3,000000010716,critical,부분적으로 맞음,많이 있음,벽과 하늘을 못잡는다
user20,000000015830,critical,대체로 맞음,많이 있음,
user20,000000015733,critical,대체로 맞음,많이 있음,
user2,000000010615,critical,맞음,많이 있음,야자수가 생각보다 많이 버려졌음
user2,000000010498,critical,부분적으로 맞음,많이 있음,
user2,000000010496,critical,대체로 맞음,많이 있음,
user2,000000010471,critical,대체로 맞음,많이 있음,"뒷부분 수풀, 나무 영역들이 과반이 넘게 버려짐"
user2,000000010449,critical,대체로 맞음,많이 있음,돌은 뭐 거의 잡지를 못하네요
user19,000000015644,critical,대체로 맞음,많이 있음,
user19,000000015621,critical,부분적으로 맞음,많이 있음,
user19,000000015619,critical,부분적으로 맞음,많이 있음,
user19,000000015618,critical,아님,많이 있음,
user19,000000015595,critical,대체로 맞음,많이 있음,
user19,000000015581,critical,부분적으로 맞음,많이 있음,
user19,000000015525,critical,부분적으로 맞음,많이 있음,
user19,000000015518,critical,아님,없음,
user19,000000015486,critical,아님,많이 있음,
user19,000000015474,critical,부분적으로 맞음,많이 있음,
user19,000000015391,critical,아님,많이 있음,
user19,000000015386,critical,부분적으로 맞음,많이 있음,
user19,000000015345,critical,대체로 맞음,많이 있음,
user17,000000015050,critical,맞음,많이 있음,
user17,000000015006,critical,대체로 맞음,많이 있음,
user17,000000014869,critical,맞음,많이 있음,"court의 line을 기준으로 in-court와 out-court 나누는게 필요해보입니다.
railing의 post(세로 기둥)을 잡아냈다면 가로 부분도 잡을 필요가 있어보입니다.
계단의 인스턴스는 단끼리 구분되는 게 맞다고 생각하여 실패로 판단했습니다. 
lace는 shoe의 하위 항목이지 foot가 아니라고 생각했습니다.
head의 하위요소로 zebra때처럼 눈코입을 잡는게 맞다고 생각했습니다"
user17,000000014857,critical,맞음,많이 있음,"wall에서 Baseboard로 한 번 더 세분화하는것도 좋아보임
고양이가 앉아있는 짚? 방석? 도 유의미하므로 잡아내야한다 생각합니다."
user17,000000014855,critical,맞음,많이 있음,"plinth 는 pedestal의 하위요소가 아닌 column의 하위요소가 맞다고 생각함
clock을 세분화할거면 face말고도 hour hand를 추가해야한다고 생각함. 

그리고 남은 영역에 유의미한 요소(building)가 많이 있긴 하나 tree에서 building이 있기는 하므로 building이 있다는건 잡아냈지만 놓친 building이 너무 많으므로 남은 영역에 유의미한 요소가 많다고 판단함"
user16,000000014795,critical,부분적으로 맞음,많이 있음,
user16,000000014743,critical,아님,조금 있음,
user16,000000014707,critical,부분적으로 맞음,많이 있음,
user15,000000014547,critical,맞음,많이 있음,
user15,000000014290,critical,부분적으로 맞음,많이 있음,
user15,000000014285,critical,대체로 맞음,많이 있음,
user14,000000014271,critical,대체로 맞음,많이 있음,
user14,000000014209,critical,대체로 맞음,많이 있음,
user14,000000014108,critical,대체로 맞음,많이 있음,
user14,000000013995,critical,대체로 맞음,많이 있음,
user14,000000013992,critical,대체로 맞음,많이 있음,
user14,000000013986,critical,아님,많이 있음,
user14,000000013980,critical,아님,없음,
user13,000000013912,critical,아님,많이 있음,
user13,000000013893,critical,부분적으로 맞음,많이 있음,
user13,000000013754,critical,부분적으로 맞음,많이 있음,
user13,000000013722,critical,아님,많이 있음,
user13,000000013714,critical,대체로 맞음,많이 있음,
user12,000000013578,critical,대체로 맞음,많이 있음,
user12,000000013540,critical,아님,많이 있음,
user12,000000013525,critical,대체로 맞음,많이 있음,
user12,000000013490,critical,대체로 맞음,많이 있음,
user12,000000013452,critical,대체로 맞음,많이 있음,
user11,000000013159,critical,부분적으로 맞음,많이 있음,
user11,000000013150,critical,부분적으로 맞음,많이 있음,
user10,000000012916,critical,부분적으로 맞음,많이 있음,
user10,000000012883,critical,부분적으로 맞음,많이 있음,
user10,000000012875,critical,맞음,많이 있음,
user1,000000010420,critical,대체로 맞음,많이 있음,
user1,000000010281,critical,대체로 맞음,많이 있음,
user1,000000010130,critical,대체로 맞음,많이 있음,
user9,000000012766,soft,대체로 맞음,조금 있음,
user9,000000012744,soft,맞음,조금 있음,
user9,000000012735,soft,맞음,조금 있음,
user9,000000012733,soft,맞음,조금 있음,
user9,000000012731,soft,맞음,조금 있음,
user9,000000012728,soft,맞음,조금 있음,
user9,000000012711,soft,대체로 맞음,조금 있음,
user9,000000012706,soft,부분적으로 맞음,조금 있음,
user9,000000012704,soft,대체로 맞음,없음,
user9,000000012701,soft,부분적으로 맞음,조금 있음,
user9,000000012700,soft,대체로 맞음,조금 있음,
user9,000000012696,soft,맞음,조금 있음,
user9,000000012673,soft,대체로 맞음,조금 있음,
user9,000000012669,soft,대체로 맞음,조금 있음,
user9,000000012664,soft,대체로 맞음,조금 있음,
user9,000000012647,soft,맞음,조금 있음,
user9,000000012620,soft,대체로 맞음,조금 있음,
user9,000000012614,soft,맞음,조금 있음,
user9,000000012612,soft,맞음,조금 있음,
user9,000000012574,soft,맞음,조금 있음,
user9,000000012567,soft,부분적으로 맞음,조금 있음,
user9,000000012556,soft,맞음,조금 있음,
user9,000000012548,soft,맞음,조금 있음,
user9,000000012524,soft,맞음,조금 있음,
user9,000000012497,soft,대체로 맞음,조금 있음,
user9,000000012495,soft,맞음,조금 있음,
user9,000000012490,soft,맞음,조금 있음,
user9,000000012475,soft,맞음,조금 있음,
user9,000000012471,soft,대체로 맞음,없음,
user9,000000012463,soft,맞음,조금 있음,
user8,000000012460,soft,대체로 맞음,없음,뒤에 있는 사람 얼굴 구분을 못함
user8,000000012459,soft,대체로 맞음,없음,
user8,000000012455,soft,맞음,조금 있음,
user8,000000012428,soft,대체로 맞음,없음,
user8,000000012424,soft,대체로 맞음,없음,야구선수(앞에있는사람)과 관중(뒤에있는 사람)을 구분을 못함
user8,000000012398,soft,맞음,조금 있음,
user8,000000012372,soft,대체로 맞음,없음,
user8,000000012345,soft,맞음,조금 있음,
user8,000000012323,soft,대체로 맞음,없음,
user8,000000012319,soft,대체로 맞음,조금 있음,
user8,000000012269,soft,대체로 맞음,없음,"가방은 잘 찾아내는데, 가방 요소들이 대체적으로 잘 맞지 않았다."
user8,000000012240,soft,대체로 맞음,없음,
user8,000000012230,soft,대체로 맞음,없음,
user8,000000012228,soft,대체로 맞음,없음,
user8,000000012213,soft,대체로 맞음,없음,
user8,000000012192,soft,맞음,조금 있음,바다가 있다는 사실을 인식하지 못함
user8,000000012181,soft,대체로 맞음,조금 있음,
user7,000000012169,soft,대체로 맞음,없음,
user7,000000012158,soft,대체로 맞음,없음,
user7,000000012156,soft,부분적으로 맞음,조금 있음,
user7,000000012155,soft,대체로 맞음,조금 있음,
user7,000000012154,soft,대체로 맞음,조금 있음,
user7,000000012153,soft,대체로 맞음,없음,
user7,000000012147,soft,대체로 맞음,조금 있음,
user7,000000012109,soft,대체로 맞음,없음,
user7,000000012108,soft,맞음,조금 있음,
user7,000000012107,soft,맞음,조금 있음,
user7,000000012103,soft,대체로 맞음,조금 있음,
user7,000000012102,soft,맞음,조금 있음,
user7,000000012101,soft,맞음,조금 있음,
user7,000000012096,soft,대체로 맞음,없음,
user7,000000012093,soft,대체로 맞음,조금 있음,
user7,000000012085,soft,대체로 맞음,없음,
user7,000000012081,soft,대체로 맞음,없음,
user7,000000012069,soft,대체로 맞음,없음,
user7,000000012059,soft,대체로 맞음,없음,
user7,000000012044,soft,맞음,조금 있음,
user7,000000012034,soft,대체로 맞음,없음,
user7,000000012020,soft,대체로 맞음,조금 있음,
user7,000000012016,soft,맞음,조금 있음,
user7,000000012014,soft,대체로 맞음,없음,
user7,000000011990,soft,대체로 맞음,없음,
user7,000000011987,soft,대체로 맞음,조금 있음,
user7,000000011968,soft,맞음,조금 있음,
user7,000000011953,soft,대체로 맞음,조금 있음,
user7,000000011948,soft,대체로 맞음,없음,
user7,000000011931,soft,대체로 맞음,조금 있음,
user7,000000011877,soft,대체로 맞음,없음,
user7,000000011856,soft,맞음,조금 있음,
user6,000000011825,soft,대체로 맞음,없음,
user6,000000011812,soft,맞음,조금 있음,
user6,000000011791,soft,맞음,조금 있음,
user6,000000011775,soft,맞음,조금 있음,
user6,000000011758,soft,맞음,조금 있음,
user6,000000011727,soft,맞음,조금 있음,
user6,000000011723,soft,대체로 맞음,없음,
user6,000000011721,soft,대체로 맞음,조금 있음,
user6,000000011720,soft,대체로 맞음,조금 있음,
user6,000000011719,soft,대체로 맞음,없음,
user6,000000011707,soft,대체로 맞음,없음,
user6,000000011703,soft,맞음,조금 있음,
user6,000000011697,soft,맞음,조금 있음,
user6,000000011694,soft,맞음,조금 있음,
user6,000000011682,soft,맞음,조금 있음,
user6,000000011661,soft,맞음,조금 있음,
user6,000000011655,soft,맞음,조금 있음,
user6,000000011643,soft,맞음,조금 있음,
user6,000000011635,soft,맞음,조금 있음,
user6,000000011605,soft,맞음,조금 있음,
user6,000000011591,soft,맞음,조금 있음,
user6,000000011576,soft,대체로 맞음,없음,
user6,000000011570,soft,맞음,조금 있음,grass가 덜 잡혔습니다
user5,000000011554,soft,부분적으로 맞음,조금 있음,"fence를 너무 못찾았다.
zebra head에 코가 없는게 아쉽다.
tree는 통합됬으면 좋겠다."
user5,000000011552,soft,대체로 맞음,조금 있음,tree가 통합되지 않은점. instance가 올바르게 구분되지 않은 점이 아쉽다.
user5,000000011538,soft,대체로 맞음,조금 있음,
user5,000000011537,soft,대체로 맞음,없음,
user5,000000011528,soft,대체로 맞음,없음,"monitor에 screen이 없어서 아쉬웠다.
cable이 keyboard, mouse의 자식별로 없어서 아쉬웟다."
user5,000000011525,soft,대체로 맞음,없음,
user5,000000011519,soft,부분적으로 맞음,조금 있음,"구분되어 있는 동일한 단어가 많음.
얇은 선을 깔끔하게 못따는게 항상 아쉽다."
user5,000000011506,soft,대체로 맞음,없음,"edge가 너무 뜬금없는 곳을 인식했다.
sheet에 배게랑 이불 구분이 안된 것은 조금 아쉽다."
user5,000000011504,soft,대체로 맞음,조금 있음,Sandwish만 완벽하게 했으면 완벽했을 것 같다. 너무 아쉽다.
user5,000000011496,soft,대체로 맞음,없음,letter에 작은 글씨 (COLLABORATE & LISTEN)이 안들어가서 아쉽다.
user5,000000011495,soft,대체로 맞음,없음,"날개 부분이 애매하긴 한데, 날개로 보이는 패턴이 있는 영역을 잘 못잡았다.
Beak도 2개 있어서 이상하다.
물에 비친 모습이 원래 이상하긴한데 이게 일관성이 없어서 아쉬웠다."
user5,000000011494,soft,대체로 맞음,조금 있음,
user5,000000011487,soft,대체로 맞음,없음,"흑백이라 더 처리를 못하는 것 같다.
꽃에 대한 세밀한 인식이 안된점이 아쉽다."
user5,000000011485,soft,부분적으로 맞음,조금 있음,침대를 다 못잡은 것고 두 침대가 일관적이지 않게 나눈것이 아쉽다.
user5,000000011475,soft,맞음,조금 있음,
user5,000000011461,soft,대체로 맞음,조금 있음,사람과 그 하위 것들을 디테일하게 잡지 못했다.
user5,000000011420,soft,대체로 맞음,조금 있음,countertop쪽 유리와 그 배경을 잘 구분 못하는 것이 아쉽다.
user5,000000011403,soft,대체로 맞음,없음,"crumb가 케이스 아래로 갔으면 좋겠다.
Thumb이 하나는 검지손가락을 헷갈려했다.
plate는 하나로 통합됐으면 좋겠다."
user5,000000011402,soft,대체로 맞음,조금 있음,"전체적으로는 괜찮으나, 단어 통일이 안된 것이 아쉽다."
user5,000000011401,soft,대체로 맞음,없음,pavement 빼고는 대체로 마음에 든다
user5,000000011390,soft,대체로 맞음,없음,"eye - sunglasses, sleeve - sleeve가 통합되면 더 좋았겠다."
user5,000000011374,soft,대체로 맞음,없음,
user5,000000011373,soft,대체로 맞음,없음,"grass가 2개 나오는게 아쉽고, 철조망을 따로 구분 못하는게 아쉽다.
양의 하위요소에 코와 입이 없는게 아쉽다."
user5,000000011361,soft,대체로 맞음,없음,
user5,000000011360,soft,대체로 맞음,없음,토스트기에 비친 캔과 손잡이를 제외한 모든 것이 대체로 괜찮았다.
user5,000000011358,soft,대체로 맞음,없음,leg를 잘 못잡아서 아쉽다
user5,000000011349,soft,대체로 맞음,조금 있음,"사람은 비교적 잘했다. 뒤에있는 사람을 잘 못잡긴했다.
뒷 배경은 아쉽긴하나 AI 입장에서 어려울 것 같긴하다."
user5,000000011347,soft,대체로 맞음,조금 있음,"조그마한 창문, letter 디테일, marking 디테일이 조금 부족했다."
user5,000000011336,soft,대체로 맞음,없음,"Rock이 반복적으로 구분된것이 아쉽다.
소 head의 코가 없는 것이 아쉽다. ear가 head아래 왔으면 좋았을 듯"
user5,000000011334,soft,대체로 맞음,없음,"Arch 자식으로 Window가 있었으면 좋았을 것 같다.
Lighthouse, rock은 없는데 인식해서 많이 아쉽다."
user5,000000011328,soft,대체로 맞음,조금 있음,
user5,000000011326,soft,대체로 맞음,없음,
user5,000000011324,soft,대체로 맞음,없음,콧구멍 놓친것과 neck에서 털을 안잡은게 아쉽다.
user5,000000011323,soft,대체로 맞음,없음,"lettering instance 구분 부족, border 이상함. sky/tree 중복, tree하위 구분은 다소 이상한 면이 있음."
user5,000000011320,soft,대체로 맞음,없음,"BUILDING이 통일되지 않은게 아쉽다.
창문과 베란다를 정확히 못한 것이 아쉽다"
user5,000000011316,soft,대체로 맞음,없음,cloud가 없는데 분류한 것은 많이 아쉽네
user5,000000011313,soft,대체로 맞음,없음,"침대에 올려져 있는 이불, 커버, 배게, 매트리스에 대한 구분과 hierarchy가 아쉽다"
user5,000000011305,soft,대체로 맞음,조금 있음,table위에 있는 사물과 양옆 bag을 세밀하게 인식하지 못해서 아쉽다.
user5,000000011304,soft,대체로 맞음,조금 있음,boot가 통합되었으면 좋았을 것 같다
user5,000000011299,soft,대체로 맞음,조금 있음,"building - window을 잘 못했고
airplane - window를 잘 못했다.
남은 영역에 진흙이 있었으면 좋았겠다."
user5,000000011297,soft,대체로 맞음,조금 있음,fence - cable 찾는게 아쉽고 뒷배경 구분이 아쉽긴한데 나쁘진않다.
user5,000000011294,soft,대체로 맞음,조금 있음,"post - sign 이 떨어져서 아쉽다.
concrete_block의 instance 구분이 아쉽다."
user5,000000011292,soft,대체로 맞음,없음,
user5,000000011291,soft,대체로 맞음,조금 있음,뒤에 남자 못잡은게 아쉽다.
user4,000000011271,soft,대체로 맞음,조금 있음,
user4,000000011269,soft,대체로 맞음,없음,locomotive 가 아닌 전차임
user4,000000011265,soft,대체로 맞음,없음,
user4,000000011262,soft,맞음,조금 있음,벽에 붙은 장식에 대한 정보 누락
user4,000000011260,soft,대체로 맞음,없음,
user4,000000011258,soft,대체로 맞음,조금 있음,유리에 반사되었다는 맥락적 정보가 손실
user4,000000011244,soft,대체로 맞음,없음,
user4,000000011238,soft,대체로 맞음,조금 있음,"타 이미지 대비 같은 조건으로 보임에도 계층이 극도록 적음 (shirt, head, others ..)"
user4,000000011222,soft,맞음,조금 있음,촛대 잔여
user4,000000011205,soft,맞음,조금 있음,
user4,000000011198,soft,맞음,조금 있음,
user4,000000011196,soft,판단불가,없음,과연 피자가 맞는지 의문
user4,000000011195,soft,대체로 맞음,판단불가,"후방에 남은 영역이 바다인지 산인지 판단 불가
"
user4,000000011184,soft,맞음,조금 있음,drawer 아래에 knob 가 위치해야 함 / base에 대한 정의가 필요 / 마우스 휠 제외 버튼 인식 불가
user4,000000011181,soft,대체로 맞음,조금 있음,우산 손잡이 누락
user4,000000011172,soft,부분적으로 맞음,없음,과일 야채 무더기 내 종류 구분 불가 / 항아리 미검출
user4,000000011169,soft,부분적으로 맞음,없음,송아지 누락
user4,000000011168,soft,대체로 맞음,없음,"tip 자체가 segmentation 측면에서 애매한 부분이 있으며, loop의 경우 loop에 해당하는 부분 이외의 segmentation이 많이 발생"
user4,000000011159,soft,대체로 맞음,조금 있음,
user4,000000011147,soft,대체로 맞음,없음,
user4,000000011138,soft,맞음,조금 있음,후면 방향으로 표지판 존재
user4,000000011107,soft,대체로 맞음,없음,
user4,000000011100,soft,대체로 맞음,없음,
user4,000000011081,soft,대체로 맞음,없음,전방의 선형 구조물은 보조날개이며 후방에 propeller 존재 / 비행기가 아닌 드론으로 추정 (비행기 모양의 드론으로 간주하여 수용)
user4,000000011080,soft,대체로 맞음,조금 있음,
user4,000000011077,soft,대체로 맞음,없음,"torso 에 누락되는 부분이 많고, 뒤의 fence에 천막이 쳐진 것을 court 로 분류"
user4,000000011076,soft,대체로 맞음,없음,building 보단 fence 에 가까운 형상 / sign 보다는 경첩의 존재로 볼 때 cabinet 에 가까움
user4,000000011065,soft,대체로 맞음,조금 있음,꼬깔콘 누락/말 다리 누락
user4,000000011052,soft,대체로 맞음,없음,beach의 subtree 로 bird 가 적절한 지 의문
user4,000000011042,soft,대체로 맞음,없음,피자에 대한 세분화 기준이 불명확
user4,000000011041,soft,대체로 맞음,조금 있음,"tomato 가 아닌 파프리카/피망임, 좌하단 열대과일 잔여"
user4,000000011029,soft,대체로 맞음,조금 있음,
user4,000000011025,soft,대체로 맞음,없음,"pant 와 shirt, shoe 등이 중복하여 등장"
user3,000000010981,soft,맞음,조금 있음,
user3,000000010966,soft,맞음,조금 있음,
user3,000000010948,soft,대체로 맞음,조금 있음,
user3,000000010936,soft,맞음,조금 있음,
user3,000000010935,soft,대체로 맞음,조금 있음,
user3,000000010925,soft,맞음,조금 있음,
user3,000000010920,soft,맞음,조금 있음,
user3,000000010907,soft,맞음,조금 있음,
user3,000000010903,soft,대체로 맞음,조금 있음,
user3,000000010881,soft,맞음,조금 있음,
user3,000000010871,soft,대체로 맞음,없음,
user3,000000010867,soft,맞음,조금 있음,
user3,000000010851,soft,대체로 맞음,조금 있음,
user3,000000010844,soft,대체로 맞음,조금 있음,
user3,000000010837,soft,맞음,조금 있음,
user3,000000010831,soft,맞음,조금 있음,
user3,000000010822,soft,맞음,조금 있음,
user3,000000010818,soft,대체로 맞음,조금 있음,
user3,000000010817,soft,대체로 맞음,없음,
user3,000000010800,soft,맞음,조금 있음,
user3,000000010785,soft,대체로 맞음,조금 있음,
user3,000000010784,soft,대체로 맞음,조금 있음,
user3,000000010779,soft,맞음,조금 있음,
user3,000000010766,soft,대체로 맞음,조금 있음,
user3,000000010735,soft,대체로 맞음,조금 있음,
user3,000000010732,soft,맞음,조금 있음,
user3,000000010728,soft,대체로 맞음,없음,
user3,000000010727,soft,대체로 맞음,조금 있음,
user3,000000010720,soft,부분적으로 맞음,없음,
user3,000000010719,soft,대체로 맞음,조금 있음,
user3,000000010714,soft,대체로 맞음,없음,"하나의 물체가 서로 다른 계층에 중복해 속하게되어 마스킹이 중복되는 지점들이 꽤나 자주있다.
또한 우리가 보는 시선에 따라 여러가지로 분류할 수 있는 경우도 존재하여 중복될 수 있다. 
유리창이면 크게 하나를 잡아야할거같은데 구분된다던가.."
user3,000000010711,soft,대체로 맞음,조금 있음,
user3,000000010702,soft,대체로 맞음,조금 있음,배경을 잡지 않는 것이 의도인지 모르겠다. 배경도 Tree로 잡혀야 할텐데
user20,000000015927,soft,대체로 맞음,없음,
user20,000000015918,soft,맞음,조금 있음,
user20,000000015908,soft,대체로 맞음,없음,
user20,000000015906,soft,대체로 맞음,없음,
user20,000000015902,soft,대체로 맞음,조금 있음,
user20,000000015897,soft,대체로 맞음,조금 있음,
user20,000000015895,soft,대체로 맞음,없음,
user20,000000015883,soft,대체로 맞음,조금 있음,
user20,000000015881,soft,대체로 맞음,없음,
user20,000000015876,soft,대체로 맞음,없음,
user20,000000015870,soft,대체로 맞음,조금 있음,
user20,000000015859,soft,부분적으로 맞음,조금 있음,
user20,000000015846,soft,대체로 맞음,조금 있음,
user20,000000015839,soft,대체로 맞음,없음,
user20,000000015826,soft,대체로 맞음,조금 있음,
user20,000000015823,soft,부분적으로 맞음,없음,
user20,000000015818,soft,대체로 맞음,없음,
user20,000000015816,soft,대체로 맞음,없음,
user20,000000015811,soft,대체로 맞음,없음,
user20,000000015810,soft,부분적으로 맞음,없음,
user20,000000015809,soft,대체로 맞음,조금 있음,
user20,000000015802,soft,대체로 맞음,조금 있음,
user20,000000015797,soft,부분적으로 맞음,조금 있음,
user20,000000015794,soft,대체로 맞음,없음,
user20,000000015778,soft,대체로 맞음,조금 있음,
user20,000000015772,soft,대체로 맞음,없음,
user20,000000015764,soft,대체로 맞음,없음,
user20,000000015759,soft,대체로 맞음,없음,
user20,000000015757,soft,부분적으로 맞음,없음,
user20,000000015750,soft,부분적으로 맞음,없음,
user20,000000015745,soft,대체로 맞음,조금 있음,
user20,000000015744,soft,대체로 맞음,조금 있음,
user20,000000015726,soft,대체로 맞음,없음,
user20,000000015725,soft,대체로 맞음,조금 있음,
user20,000000015709,soft,대체로 맞음,조금 있음,
user20,000000015704,soft,대체로 맞음,없음,
user20,000000015693,soft,대체로 맞음,조금 있음,
user20,000000015690,soft,대체로 맞음,없음,
user20,000000015687,soft,대체로 맞음,없음,
user20,000000015684,soft,대체로 맞음,없음,
user20,000000015681,soft,대체로 맞음,조금 있음,
user20,000000015667,soft,대체로 맞음,없음,
user20,000000015653,soft,대체로 맞음,조금 있음,
user20,000000015652,soft,대체로 맞음,없음,
user2,000000010698,soft,대체로 맞음,없음,
user2,000000010693,soft,대체로 맞음,조금 있음,
user2,000000010691,soft,맞음,조금 있음,"sky가 안나와서 남은 영역에 유의미한 요소가 있다고 평가, 나머진 잘함"
user2,000000010683,soft,부분적으로 맞음,조금 있음,
user2,000000010681,soft,맞음,조금 있음,
user2,000000010639,soft,대체로 맞음,조금 있음,
user2,000000010627,soft,대체로 맞음,없음,
user2,000000010621,soft,대체로 맞음,조금 있음,
user2,000000010614,soft,대체로 맞음,조금 있음,
user2,000000010613,soft,대체로 맞음,조금 있음,
user2,000000010591,soft,대체로 맞음,없음,
user2,000000010581,soft,대체로 맞음,조금 있음,
user2,000000010580,soft,대체로 맞음,조금 있음,
user2,000000010579,soft,맞음,조금 있음,
user2,000000010560,soft,대체로 맞음,없음,고양이를 dog로 인식함
user2,000000010546,soft,맞음,조금 있음,
user2,000000010545,soft,대체로 맞음,없음,
user2,000000010539,soft,맞음,조금 있음,
user2,000000010534,soft,대체로 맞음,없음,
user2,000000010526,soft,맞음,조금 있음,
user2,000000010495,soft,대체로 맞음,조금 있음,
user2,000000010484,soft,맞음,조금 있음,
user2,000000010478,soft,대체로 맞음,없음,사과 꼭지가 마스킹 되었으면 좋겠습니다
user2,000000010472,soft,부분적으로 맞음,조금 있음,
user2,000000010463,soft,맞음,조금 있음,
user2,000000010445,soft,부분적으로 맞음,조금 있음,
user2,000000010432,soft,대체로 맞음,조금 있음,
user2,000000010430,soft,대체로 맞음,조금 있음,
user19,000000015617,soft,대체로 맞음,조금 있음,
user19,000000015614,soft,대체로 맞음,조금 있음,
user19,000000015610,soft,맞음,조금 있음,
user19,000000015599,soft,대체로 맞음,조금 있음,
user19,000000015596,soft,대체로 맞음,조금 있음,
user19,000000015586,soft,대체로 맞음,조금 있음,
user19,000000015576,soft,대체로 맞음,조금 있음,
user19,000000015569,soft,대체로 맞음,조금 있음,
user19,000000015566,soft,대체로 맞음,조금 있음,
user19,000000015565,soft,부분적으로 맞음,없음,
user19,000000015564,soft,대체로 맞음,없음,
user19,000000015559,soft,대체로 맞음,조금 있음,
user19,000000015558,soft,대체로 맞음,조금 있음,
user19,000000015542,soft,대체로 맞음,조금 있음,
user19,000000015528,soft,대체로 맞음,조금 있음,
user19,000000015524,soft,대체로 맞음,조금 있음,
user19,000000015514,soft,대체로 맞음,조금 있음,
user19,000000015485,soft,대체로 맞음,조금 있음,
user19,000000015472,soft,맞음,조금 있음,
user19,000000015409,soft,대체로 맞음,없음,
user19,000000015404,soft,대체로 맞음,조금 있음,
user19,000000015399,soft,대체로 맞음,조금 있음,
user19,000000015394,soft,대체로 맞음,조금 있음,
user19,000000015392,soft,대체로 맞음,조금 있음,
user19,000000015379,soft,대체로 맞음,없음,
user19,000000015366,soft,대체로 맞음,조금 있음,
user19,000000015356,soft,대체로 맞음,조금 있음,
user19,000000015347,soft,대체로 맞음,조금 있음,
user19,000000015346,soft,대체로 맞음,조금 있음,
user18,000000015311,soft,맞음,조금 있음,
user18,000000015307,soft,대체로 맞음,없음,
user18,000000015276,soft,대체로 맞음,없음,
user18,000000015269,soft,대체로 맞음,없음,
user18,000000015268,soft,대체로 맞음,없음,
user18,000000015195,soft,대체로 맞음,없음,
user18,000000015185,soft,맞음,조금 있음,
user18,000000015151,soft,맞음,조금 있음,
user18,000000015140,soft,대체로 맞음,없음,
user18,000000015126,soft,대체로 맞음,없음,
user18,000000015113,soft,맞음,조금 있음,
user18,000000015110,soft,대체로 맞음,없음,
user17,000000015074,soft,맞음,조금 있음,
user17,000000015071,soft,대체로 맞음,조금 있음,
user17,000000015069,soft,대체로 맞음,조금 있음,
user17,000000015062,soft,대체로 맞음,없음,
user17,000000015055,soft,맞음,조금 있음,
user17,000000015016,soft,맞음,조금 있음,
user17,000000015002,soft,부분적으로 맞음,조금 있음,
user17,000000014975,soft,맞음,조금 있음,
user17,000000014970,soft,맞음,조금 있음,
user17,000000014969,soft,맞음,조금 있음,
user17,000000014954,soft,맞음,조금 있음,
user17,000000014940,soft,맞음,조금 있음,
user17,000000014938,soft,대체로 맞음,없음,
user17,000000014921,soft,맞음,조금 있음,
user17,000000014892,soft,대체로 맞음,없음,
user17,000000014880,soft,맞음,조금 있음,
user17,000000014876,soft,맞음,조금 있음,
user17,000000014872,soft,맞음,조금 있음,자갈을 못잡은듯 싶습니다
user17,000000014870,soft,맞음,조금 있음,
user17,000000014862,soft,맞음,조금 있음,"trunk의 하위요소로 vine은 뭔가 애매한 듯 싶습니다.
또 vine(나무나 벽에 붙어서 자라는)이 아니라 일반 식물 줄기라 없음 처리 했습니다
zebra-head의 하위요소로 nose도 있어야할 것 같습니다.
뒤에 배경 (forest)을 잡아야할 것 같습니다."
user17,000000014849,soft,대체로 맞음,조금 있음,남은 영영의 유의미한 요소는 Tree와 Bush라고 생각합니다.
user16,000000014824,soft,대체로 맞음,없음,
user16,000000014820,soft,부분적으로 맞음,조금 있음,
user16,000000014819,soft,대체로 맞음,없음,
user16,000000014818,soft,대체로 맞음,조금 있음,
user16,000000014812,soft,대체로 맞음,없음,
user16,000000014807,soft,대체로 맞음,조금 있음,
user16,000000014804,soft,대체로 맞음,없음,
user16,000000014801,soft,대체로 맞음,없음,
user16,000000014798,soft,부분적으로 맞음,없음,
user16,000000014783,soft,대체로 맞음,없음,
user16,000000014781,soft,대체로 맞음,없음,
user16,000000014774,soft,대체로 맞음,없음,
user16,000000014773,soft,대체로 맞음,없음,
user16,000000014769,soft,대체로 맞음,없음,
user16,000000014768,soft,대체로 맞음,없음,
user16,000000014766,soft,대체로 맞음,없음,
user16,000000014764,soft,대체로 맞음,없음,
user16,000000014756,soft,대체로 맞음,없음,
user16,000000014748,soft,대체로 맞음,없음,
user16,000000014740,soft,부분적으로 맞음,조금 있음,
user16,000000014736,soft,대체로 맞음,없음,
user16,000000014733,soft,대체로 맞음,조금 있음,
user16,000000014730,soft,대체로 맞음,없음,
user16,000000014728,soft,부분적으로 맞음,조금 있음,
user16,000000014726,soft,부분적으로 맞음,조금 있음,
user16,000000014723,soft,대체로 맞음,없음,
user16,000000014709,soft,부분적으로 맞음,없음,
user16,000000014698,soft,부분적으로 맞음,없음,
user16,000000014691,soft,부분적으로 맞음,조금 있음,
user16,000000014686,soft,대체로 맞음,조금 있음,
user16,000000014683,soft,맞음,조금 있음,
user16,000000014677,soft,대체로 맞음,조금 있음,
user16,000000014676,soft,대체로 맞음,없음,
user16,000000014662,soft,부분적으로 맞음,없음,
user16,000000014653,soft,대체로 맞음,없음,
user16,000000014635,soft,맞음,조금 있음,
user16,000000014619,soft,맞음,조금 있음,
user16,000000014611,soft,부분적으로 맞음,없음,
user16,000000014600,soft,대체로 맞음,조금 있음,
user16,000000014592,soft,대체로 맞음,없음,
user16,000000014591,soft,부분적으로 맞음,없음,
user16,000000014575,soft,부분적으로 맞음,조금 있음,
user16,000000014567,soft,대체로 맞음,조금 있음,
user15,000000014562,soft,대체로 맞음,없음,
user15,000000014557,soft,대체로 맞음,없음,
user15,000000014537,soft,맞음,조금 있음,
user15,000000014536,soft,대체로 맞음,조금 있음,
user15,000000014533,soft,부분적으로 맞음,조금 있음,
user15,000000014514,soft,대체로 맞음,조금 있음,
user15,000000014504,soft,부분적으로 맞음,없음,
user15,000000014502,soft,대체로 맞음,없음,
user15,000000014494,soft,대체로 맞음,없음,
user15,000000014493,soft,대체로 맞음,없음,
user15,000000014488,soft,부분적으로 맞음,없음,
user15,000000014484,soft,맞음,조금 있음,
user15,000000014477,soft,대체로 맞음,없음,
user15,000000014475,soft,대체로 맞음,조금 있음,
user15,000000014470,soft,대체로 맞음,없음,
user15,000000014453,soft,대체로 맞음,조금 있음,
user15,000000014446,soft,대체로 맞음,조금 있음,
user15,000000014432,soft,맞음,조금 있음,
user15,000000014430,soft,대체로 맞음,조금 있음,
user15,000000014412,soft,부분적으로 맞음,없음,
user15,000000014402,soft,맞음,조금 있음,
user15,000000014396,soft,맞음,조금 있음,
user15,000000014385,soft,맞음,조금 있음,
user15,000000014377,soft,대체로 맞음,없음,
user15,000000014375,soft,대체로 맞음,없음,
user15,000000014367,soft,대체로 맞음,조금 있음,
user15,000000014366,soft,맞음,조금 있음,
user15,000000014359,soft,대체로 맞음,조금 있음,
user15,000000014357,soft,맞음,조금 있음,
user15,000000014353,soft,부분적으로 맞음,없음,
user15,000000014352,soft,대체로 맞음,없음,
user15,000000014338,soft,대체로 맞음,조금 있음,
user15,000000014337,soft,대체로 맞음,없음,
user15,000000014329,soft,대체로 맞음,조금 있음,
user15,000000014321,soft,부분적으로 맞음,없음,
user15,000000014319,soft,대체로 맞음,없음,
user15,000000014307,soft,맞음,조금 있음,
user15,000000014306,soft,대체로 맞음,없음,
user15,000000014297,soft,부분적으로 맞음,없음,
user15,000000014283,soft,맞음,조금 있음,
user15,000000014282,soft,대체로 맞음,조금 있음,
user14,000000014281,soft,대체로 맞음,조금 있음,
user14,000000014278,soft,대체로 맞음,조금 있음,
user14,000000014276,soft,대체로 맞음,없음,
user14,000000014269,soft,맞음,조금 있음,
user14,000000014265,soft,대체로 맞음,조금 있음,
user14,000000014253,soft,맞음,조금 있음,
user14,000000014252,soft,대체로 맞음,조금 있음,
user14,000000014248,soft,대체로 맞음,없음,
user14,000000014244,soft,대체로 맞음,조금 있음,
user14,000000014230,soft,대체로 맞음,조금 있음,
user14,000000014203,soft,대체로 맞음,조금 있음,
user14,000000014180,soft,대체로 맞음,조금 있음,
user14,000000014159,soft,대체로 맞음,조금 있음,
user14,000000014152,soft,대체로 맞음,조금 있음,
user14,000000014128,soft,대체로 맞음,조금 있음,
user14,000000014125,soft,대체로 맞음,조금 있음,
user14,000000014089,soft,대체로 맞음,없음,
user14,000000014088,soft,대체로 맞음,조금 있음,
user14,000000014073,soft,대체로 맞음,조금 있음,
user14,000000014070,soft,대체로 맞음,없음,
user14,000000014056,soft,대체로 맞음,조금 있음,
user14,000000014034,soft,맞음,조금 있음,
user14,000000014029,soft,맞음,조금 있음,
user14,000000014027,soft,대체로 맞음,조금 있음,
user14,000000014008,soft,대체로 맞음,조금 있음,
user14,000000014006,soft,대체로 맞음,조금 있음,
user14,000000013991,soft,맞음,조금 있음,
user14,000000013988,soft,대체로 맞음,없음,
user14,000000013985,soft,대체로 맞음,조금 있음,
user14,000000013983,soft,대체로 맞음,조금 있음,
user14,000000013979,soft,맞음,조금 있음,
user14,000000013969,soft,맞음,조금 있음,
user14,000000013967,soft,대체로 맞음,없음,
user14,000000013965,soft,대체로 맞음,조금 있음,
user14,000000013959,soft,맞음,조금 있음,
user13,000000013944,soft,맞음,조금 있음,
user13,000000013943,soft,대체로 맞음,조금 있음,
user13,000000013938,soft,맞음,조금 있음,
user13,000000013922,soft,맞음,조금 있음,
user13,000000013921,soft,대체로 맞음,조금 있음,
user13,000000013916,soft,맞음,조금 있음,
user13,000000013914,soft,부분적으로 맞음,조금 있음,
user13,000000013909,soft,맞음,조금 있음,
user13,000000013904,soft,대체로 맞음,없음,
user13,000000013901,soft,부분적으로 맞음,없음,
user13,000000013900,soft,부분적으로 맞음,없음,
user13,000000013892,soft,부분적으로 맞음,없음,
user13,000000013882,soft,대체로 맞음,없음,
user13,000000013832,soft,맞음,조금 있음,
user13,000000013802,soft,대체로 맞음,조금 있음,
user13,000000013800,soft,맞음,조금 있음,
user13,000000013783,soft,대체로 맞음,조금 있음,
user13,000000013763,soft,대체로 맞음,조금 있음,
user13,000000013731,soft,부분적으로 맞음,없음,
user13,000000013728,soft,대체로 맞음,조금 있음,
user13,000000013721,soft,맞음,조금 있음,
user13,000000013717,soft,대체로 맞음,조금 있음,
user13,000000013703,soft,대체로 맞음,조금 있음,
user13,000000013675,soft,대체로 맞음,조금 있음,
user12,000000013650,soft,대체로 맞음,없음,
user12,000000013636,soft,맞음,조금 있음,
user12,000000013632,soft,대체로 맞음,없음,
user12,000000013616,soft,대체로 맞음,조금 있음,
user12,000000013605,soft,맞음,조금 있음,
user12,000000013603,soft,대체로 맞음,없음,
user12,000000013574,soft,대체로 맞음,없음,
user12,000000013568,soft,대체로 맞음,조금 있음,
user12,000000013565,soft,대체로 맞음,조금 있음,
user12,000000013550,soft,대체로 맞음,없음,
user12,000000013547,soft,대체로 맞음,조금 있음,
user12,000000013529,soft,대체로 맞음,없음,
user12,000000013528,soft,대체로 맞음,조금 있음,
user12,000000013524,soft,부분적으로 맞음,조금 있음,
user12,000000013497,soft,대체로 맞음,조금 있음,
user12,000000013492,soft,대체로 맞음,조금 있음,
user12,000000013482,soft,부분적으로 맞음,조금 있음,
user12,000000013473,soft,대체로 맞음,조금 있음,
user12,000000013471,soft,대체로 맞음,조금 있음,
user12,000000013465,soft,대체로 맞음,조금 있음,
user12,000000013455,soft,대체로 맞음,조금 있음,
user12,000000013432,soft,대체로 맞음,판단불가,
user12,000000013428,soft,대체로 맞음,없음,
user12,000000013420,soft,대체로 맞음,조금 있음,
user12,000000013415,soft,대체로 맞음,없음,
user12,000000013414,soft,맞음,조금 있음,
user12,000000013397,soft,대체로 맞음,조금 있음,
user12,000000013383,soft,대체로 맞음,조금 있음,
user12,000000013372,soft,대체로 맞음,조금 있음,
user12,000000013357,soft,대체로 맞음,조금 있음,
user12,000000013356,soft,대체로 맞음,조금 있음,
user12,000000013355,soft,대체로 맞음,없음,
user12,000000013352,soft,대체로 맞음,조금 있음,
user12,000000013332,soft,대체로 맞음,조금 있음,
user11,000000013325,soft,맞음,조금 있음,
user11,000000013302,soft,맞음,조금 있음,
user11,000000013294,soft,맞음,조금 있음,
user11,000000013292,soft,맞음,조금 있음,
user11,000000013285,soft,맞음,조금 있음,
user11,000000013284,soft,대체로 맞음,조금 있음,
user11,000000013283,soft,맞음,조금 있음,
user11,000000013273,soft,맞음,조금 있음,
user11,000000013267,soft,대체로 맞음,조금 있음,
user11,000000013258,soft,대체로 맞음,조금 있음,
user11,000000013232,soft,맞음,조금 있음,
user11,000000013202,soft,대체로 맞음,조금 있음,
user11,000000013182,soft,대체로 맞음,조금 있음,
user11,000000013176,soft,맞음,조금 있음,
user11,000000013175,soft,대체로 맞음,조금 있음,
user11,000000013172,soft,맞음,조금 있음,
user11,000000013169,soft,맞음,조금 있음,
user11,000000013168,soft,맞음,조금 있음,
user11,000000013160,soft,맞음,조금 있음,
user11,000000013158,soft,맞음,조금 있음,
user11,000000013148,soft,맞음,조금 있음,
user11,000000013146,soft,맞음,조금 있음,
user11,000000013144,soft,맞음,조금 있음,
user11,000000013143,soft,대체로 맞음,조금 있음,
user11,000000013140,soft,대체로 맞음,조금 있음,
user11,000000013132,soft,대체로 맞음,조금 있음,
user11,000000013129,soft,대체로 맞음,조금 있음,
user11,000000013127,soft,대체로 맞음,조금 있음,
user11,000000013124,soft,맞음,조금 있음,
user11,000000013076,soft,대체로 맞음,없음,
user11,000000013061,soft,대체로 맞음,없음,
user10,000000013045,soft,대체로 맞음,조금 있음,
user10,000000013040,soft,대체로 맞음,조금 있음,
user10,000000013035,soft,대체로 맞음,조금 있음,
user10,000000013031,soft,맞음,조금 있음,
user10,000000013020,soft,대체로 맞음,조금 있음,
user10,000000012991,soft,맞음,조금 있음,
user10,000000012983,soft,부분적으로 맞음,없음,
user10,000000012979,soft,대체로 맞음,없음,
user10,000000012966,soft,맞음,조금 있음,
user10,000000012959,soft,대체로 맞음,없음,
user10,000000012953,soft,부분적으로 맞음,없음,
user10,000000012947,soft,대체로 맞음,조금 있음,
user10,000000012938,soft,대체로 맞음,없음,
user10,000000012933,soft,대체로 맞음,조금 있음,
user10,000000012930,soft,맞음,조금 있음,
user10,000000012927,soft,맞음,조금 있음,
user10,000000012902,soft,맞음,조금 있음,
user10,000000012897,soft,대체로 맞음,조금 있음,
user10,000000012896,soft,대체로 맞음,조금 있음,
user10,000000012895,soft,대체로 맞음,조금 있음,
user10,000000012887,soft,대체로 맞음,조금 있음,
user10,000000012884,soft,대체로 맞음,조금 있음,
user10,000000012876,soft,대체로 맞음,조금 있음,
user10,000000012861,soft,맞음,조금 있음,
user10,000000012860,soft,맞음,조금 있음,
user10,000000012833,soft,맞음,조금 있음,
user10,000000012825,soft,대체로 맞음,조금 있음,
user10,000000012824,soft,대체로 맞음,조금 있음,
user10,000000012822,soft,맞음,조금 있음,
user10,000000012817,soft,대체로 맞음,조금 있음,
user10,000000012810,soft,대체로 맞음,없음,
user10,000000012809,soft,대체로 맞음,조금 있음,
user10,000000012805,soft,부분적으로 맞음,조금 있음,
user10,000000012795,soft,대체로 맞음,없음,
user10,000000012790,soft,대체로 맞음,조금 있음,
user10,000000012786,soft,맞음,조금 있음,
user1,000000010405,soft,대체로 맞음,조금 있음,
user1,000000010403,soft,맞음,조금 있음,
user1,000000010400,soft,맞음,조금 있음,
user1,000000010388,soft,맞음,조금 있음,
user1,000000010369,soft,맞음,조금 있음,
user1,000000010358,soft,대체로 맞음,없음,tree가 너무 많음. playground에 slide가 포함안됨. 
user1,000000010343,soft,맞음,조금 있음,
user1,000000010327,soft,맞음,조금 있음,
user1,000000010324,soft,대체로 맞음,조금 있음,냉장고 아닌 부분을 못 잡음.
user1,000000010319,soft,맞음,조금 있음,
user1,000000010318,soft,대체로 맞음,조금 있음,
user1,000000010303,soft,대체로 맞음,없음,
user1,000000010276,soft,대체로 맞음,조금 있음,
user1,000000010275,soft,대체로 맞음,없음,person이 아니라 passenger으로 잡아서 판단이 어려웠음.  
user1,000000010265,soft,대체로 맞음,조금 있음,Person이 아니라 Player로 Naming이 되어서 명확하지 않았음. 
user1,000000010256,soft,맞음,조금 있음,
user1,000000010249,soft,맞음,조금 있음,
user1,000000010244,soft,대체로 맞음,없음,signpost 부류가 너무 많음. 
user1,000000010241,soft,맞음,조금 있음,
user1,000000010232,soft,맞음,조금 있음,
user1,000000010219,soft,맞음,조금 있음,leaf가 동일한 depth에 있어서 애매했음. 
user1,000000010217,soft,대체로 맞음,조금 있음,
user1,000000010211,soft,대체로 맞음,없음,"부모 노드에서 others - tree, rock과 tree, rock이 왜 같은 노드가 아닌지를 모르겠음. "
user1,000000010205,soft,대체로 맞음,조금 있음,
user1,000000010196,soft,대체로 맞음,없음,
user1,000000010192,soft,맞음,조금 있음,
user1,000000010179,soft,맞음,조금 있음,
user1,000000010176,soft,대체로 맞음,조금 있음,
user1,000000010166,soft,대체로 맞음,조금 있음,
user1,000000010161,soft,대체로 맞음,없음,bowl안의 트리 구조가 명확하지 않음.
user1,000000010145,soft,대체로 맞음,없음,
user1,000000010142,soft,대체로 맞음,조금 있음,
user1,000000010138,soft,대체로 맞음,조금 있음,
user1,000000010136,soft,부분적으로 맞음,조금 있음,
user1,000000010123,soft,대체로 맞음,조금 있음,유의미한 요소로 흰색 의자가 아주 조금 보입니다. 
user1,000000010115,soft,대체로 맞음,없음,
user1,000000010114,soft,대체로 맞음,조금 있음,
