scope,reviewer_id,question,question_name,answer,severity,response_count,question_total,ratio,pct,,,,,,
all_answers,user1,Q1,label_exists,예,good,1134,1217,0.93179951,93.18,,,,,,
all_answers,user1,Q1,label_exists,판단불가,soft,37,1217,0.03040263,3.0403,,,,,,
all_answers,user1,Q1,label_exists,아니오,critical,46,1217,0.03779786,3.7798,,,,,,
all_answers,user2,Q1,label_exists,예,good,1150,1258,0.91414944,91.4149,,,,,,
all_answers,user2,Q1,label_exists,판단불가,soft,54,1258,0.04292528,4.2925,,,,,,
all_answers,user2,Q1,label_exists,아니오,critical,54,1258,0.04292528,4.2925,,,,,,
all_answers,user3,Q1,label_exists,예,good,1180,1244,0.94855305,94.8553,,,,,,예
all_answers,user3,Q1,label_exists,판단불가,soft,7,1244,0.00562701,0.5627,,,,,,
all_answers,user3,Q1,label_exists,아니오,critical,57,1244,0.04581994,4.582,,,,,,
all_answers,user4,Q1,label_exists,예,good,1237,1360,0.90955882,90.9559,,,,,,
all_answers,user4,Q1,label_exists,판단불가,soft,40,1360,0.02941176,2.9412,,,,,,
all_answers,user4,Q1,label_exists,아니오,critical,83,1360,0.06102941,6.1029,,,,,,
all_answers,user5,Q1,label_exists,예,good,1069,1157,0.92394123,92.3941,,,,,,
all_answers,user5,Q1,label_exists,판단불가,soft,13,1157,0.01123596,1.1236,,,,,,
all_answers,user5,Q1,label_exists,아니오,critical,75,1157,0.06482282,6.4823,,,,,,
all_answers,user6,Q1,label_exists,예,good,1200,1288,0.93167702,93.1677,,,,,,
all_answers,user6,Q1,label_exists,판단불가,soft,26,1288,0.02018634,2.0186,,,,,,
all_answers,user6,Q1,label_exists,아니오,critical,62,1288,0.04813665,4.8137,,,,,,
all_answers,user7,Q1,label_exists,예,good,1240,1360,0.91176471,91.1765,,,,,,
all_answers,user7,Q1,label_exists,판단불가,soft,11,1360,0.00808824,0.8088,,,,,,
all_answers,user7,Q1,label_exists,아니오,critical,109,1360,0.08014706,8.0147,,,,,,
all_answers,user8,Q1,label_exists,예,good,1077,1124,0.95818505,95.8185,,,,,,
all_answers,user8,Q1,label_exists,판단불가,soft,6,1124,0.00533808,0.5338,,,,,,
all_answers,user8,Q1,label_exists,아니오,critical,41,1124,0.03647687,3.6477,,,,,,
all_answers,user9,Q1,label_exists,예,good,1188,1256,0.94585987,94.586,,,,,,
all_answers,user9,Q1,label_exists,판단불가,soft,30,1256,0.02388535,2.3885,,,,,,
all_answers,user9,Q1,label_exists,아니오,critical,38,1256,0.03025478,3.0255,,,,,,
all_answers,user10,Q1,label_exists,예,good,1169,1242,0.94122383,94.1224,,,,,,
all_answers,user10,Q1,label_exists,판단불가,soft,14,1242,0.01127214,1.1272,,,,,,
all_answers,user10,Q1,label_exists,아니오,critical,59,1242,0.04750403,4.7504,,,,,,
all_answers,user11,Q1,label_exists,예,good,1234,1411,0.87455705,87.4557,,,,,,
all_answers,user11,Q1,label_exists,판단불가,soft,103,1411,0.07299787,7.2998,,,,,,
all_answers,user11,Q1,label_exists,아니오,critical,74,1411,0.05244507,5.2445,,,,,,
all_answers,user12,Q1,label_exists,예,good,1229,1304,0.94248466,94.2485,,,,,,
all_answers,user12,Q1,label_exists,판단불가,soft,18,1304,0.01380368,1.3804,,,,,,
all_answers,user12,Q1,label_exists,아니오,critical,57,1304,0.04371166,4.3712,,,,,,
all_answers,user13,Q1,label_exists,예,good,1125,1192,0.94379195,94.3792,,,,,,
all_answers,user13,Q1,label_exists,판단불가,soft,37,1192,0.03104027,3.104,,,,,,
all_answers,user13,Q1,label_exists,아니오,critical,30,1192,0.02516779,2.5168,,,,,,
all_answers,user14,Q1,label_exists,예,good,1284,1382,0.92908828,92.9088,,,,,,
all_answers,user14,Q1,label_exists,판단불가,soft,8,1382,0.00578871,0.5789,,,,,,
all_answers,user14,Q1,label_exists,아니오,critical,90,1382,0.06512301,6.5123,,,,,,
all_answers,user15,Q1,label_exists,예,good,1219,1296,0.94058642,94.0586,,,,,,
all_answers,user15,Q1,label_exists,판단불가,soft,13,1296,0.01003086,1.0031,,,,,,
all_answers,user15,Q1,label_exists,아니오,critical,64,1296,0.04938272,4.9383,,,,,,
all_answers,user16,Q1,label_exists,예,good,1165,1265,0.92094862,92.0949,,,,,,
all_answers,user16,Q1,label_exists,판단불가,soft,9,1265,0.00711462,0.7115,,,,,,
all_answers,user16,Q1,label_exists,아니오,critical,91,1265,0.07193676,7.1937,,,,,,
all_answers,user17,Q1,label_exists,예,good,954,1048,0.91030534,91.0305,,,,,,
all_answers,user17,Q1,label_exists,판단불가,soft,24,1048,0.02290076,2.2901,,,,,,
all_answers,user17,Q1,label_exists,아니오,critical,70,1048,0.06679389,6.6794,,,,,,
all_answers,user18,Q1,label_exists,예,good,1288,1344,0.95833333,95.8333,,,,,,
all_answers,user18,Q1,label_exists,판단불가,soft,3,1344,0.00223214,0.2232,,,,,,
all_answers,user18,Q1,label_exists,아니오,critical,53,1344,0.03943452,3.9435,,,,,,
all_answers,user19,Q1,label_exists,예,good,1379,1460,0.94452055,94.4521,,,,,,
all_answers,user19,Q1,label_exists,판단불가,soft,12,1460,0.00821918,0.8219,,,,,,
all_answers,user19,Q1,label_exists,아니오,critical,69,1460,0.04726027,4.726,,,,,,
all_answers,user20,Q1,label_exists,예,good,1062,1194,0.88944724,88.9447,,,,,,
all_answers,user20,Q1,label_exists,판단불가,soft,45,1194,0.03768844,3.7688,,,,,,
all_answers,user20,Q1,label_exists,아니오,critical,87,1194,0.07286432,7.2864,,,,,,
all_answers,user1,Q2,mask_missing,모두 포함함,good,821,1217,0.6746097,67.461,,,,,,
all_answers,user1,Q2,mask_missing,약간 놓침,soft,213,1217,0.17502054,17.5021,,,,,,
all_answers,user1,Q2,mask_missing,판단불가,soft,86,1217,0.07066557,7.0666,,,,,,
all_answers,user1,Q2,mask_missing,많이 놓침,critical,97,1217,0.07970419,7.9704,,,,,,
all_answers,user2,Q2,mask_missing,모두 포함함,good,752,1258,0.59777424,59.7774,,,,,,
all_answers,user2,Q2,mask_missing,약간 놓침,soft,241,1258,0.19157393,19.1574,,,,,,
all_answers,user2,Q2,mask_missing,판단불가,soft,111,1258,0.08823529,8.8235,,,,,,
all_answers,user2,Q2,mask_missing,많이 놓침,critical,154,1258,0.12241653,12.2417,,,,,,
all_answers,user3,Q2,mask_missing,모두 포함함,good,847,1244,0.68086817,68.0868,,,,,,
all_answers,user3,Q2,mask_missing,약간 놓침,soft,248,1244,0.19935691,19.9357,,,,,,
all_answers,user3,Q2,mask_missing,판단불가,soft,67,1244,0.05385852,5.3859,,,,,,
all_answers,user3,Q2,mask_missing,많이 놓침,critical,82,1244,0.0659164,6.5916,,,,,,
all_answers,user4,Q2,mask_missing,모두 포함함,good,828,1360,0.60882353,60.8824,,,,,,
all_answers,user4,Q2,mask_missing,약간 놓침,soft,270,1360,0.19852941,19.8529,,,,,,
all_answers,user4,Q2,mask_missing,판단불가,soft,123,1360,0.09044118,9.0441,,,,,,
all_answers,user4,Q2,mask_missing,많이 놓침,critical,139,1360,0.10220588,10.2206,,,,,,
all_answers,user5,Q2,mask_missing,모두 포함함,good,793,1157,0.68539326,68.5393,,,,,,
all_answers,user5,Q2,mask_missing,약간 놓침,soft,136,1157,0.11754538,11.7545,,,,,,
all_answers,user5,Q2,mask_missing,판단불가,soft,91,1157,0.07865169,7.8652,,,,,,
all_answers,user5,Q2,mask_missing,많이 놓침,critical,137,1157,0.11840968,11.841,,,,,,
all_answers,user6,Q2,mask_missing,모두 포함함,good,971,1288,0.75388199,75.3882,,,,,,
all_answers,user6,Q2,mask_missing,약간 놓침,soft,143,1288,0.11102484,11.1025,,,,,,
all_answers,user6,Q2,mask_missing,판단불가,soft,91,1288,0.07065217,7.0652,,,,,,
all_answers,user6,Q2,mask_missing,많이 놓침,critical,83,1288,0.06444099,6.4441,,,,,,
all_answers,user7,Q2,mask_missing,모두 포함함,good,946,1360,0.69558824,69.5588,,,,,,
all_answers,user7,Q2,mask_missing,약간 놓침,soft,207,1360,0.15220588,15.2206,,,,,,
all_answers,user7,Q2,mask_missing,판단불가,soft,116,1360,0.08529412,8.5294,,,,,,
all_answers,user7,Q2,mask_missing,많이 놓침,critical,91,1360,0.06691176,6.6912,,,,,,
all_answers,user8,Q2,mask_missing,모두 포함함,good,791,1124,0.70373665,70.3737,,,,,,
all_answers,user8,Q2,mask_missing,약간 놓침,soft,182,1124,0.16192171,16.1922,,,,,,
all_answers,user8,Q2,mask_missing,판단불가,soft,48,1124,0.04270463,4.2705,,,,,,
all_answers,user8,Q2,mask_missing,많이 놓침,critical,103,1124,0.09163701,9.1637,,,,,,
all_answers,user9,Q2,mask_missing,모두 포함함,good,867,1256,0.69028662,69.0287,,,,,,
all_answers,user9,Q2,mask_missing,약간 놓침,soft,252,1256,0.20063694,20.0637,,,,,,
all_answers,user9,Q2,mask_missing,판단불가,soft,67,1256,0.05334395,5.3344,,,,,,
all_answers,user9,Q2,mask_missing,많이 놓침,critical,70,1256,0.05573248,5.5732,,,,,,
all_answers,user10,Q2,mask_missing,모두 포함함,good,786,1242,0.63285024,63.285,,,,,,
all_answers,user10,Q2,mask_missing,약간 놓침,soft,205,1242,0.16505636,16.5056,,,,,,
all_answers,user10,Q2,mask_missing,판단불가,soft,74,1242,0.05958132,5.9581,,,,,,
all_answers,user10,Q2,mask_missing,많이 놓침,critical,177,1242,0.14251208,14.2512,,,,,,
all_answers,user11,Q2,mask_missing,모두 포함함,good,897,1411,0.63571935,63.5719,,,,,,
all_answers,user11,Q2,mask_missing,약간 놓침,soft,242,1411,0.17150957,17.151,,,,,,
all_answers,user11,Q2,mask_missing,판단불가,soft,177,1411,0.12544295,12.5443,,,,,,
all_answers,user11,Q2,mask_missing,많이 놓침,critical,95,1411,0.06732814,6.7328,,,,,,
all_answers,user12,Q2,mask_missing,모두 포함함,good,915,1304,0.70168712,70.1687,,,,,,
all_answers,user12,Q2,mask_missing,약간 놓침,soft,252,1304,0.19325153,19.3252,,,,,,
all_answers,user12,Q2,mask_missing,판단불가,soft,75,1304,0.05751534,5.7515,,,,,,
all_answers,user12,Q2,mask_missing,많이 놓침,critical,62,1304,0.04754601,4.7546,,,,,,
all_answers,user13,Q2,mask_missing,모두 포함함,good,882,1192,0.73993289,73.9933,,,,,,
all_answers,user13,Q2,mask_missing,약간 놓침,soft,141,1192,0.11828859,11.8289,,,,,,
all_answers,user13,Q2,mask_missing,판단불가,soft,69,1192,0.05788591,5.7886,,,,,,
all_answers,user13,Q2,mask_missing,많이 놓침,critical,100,1192,0.08389262,8.3893,,,,,,
all_answers,user14,Q2,mask_missing,모두 포함함,good,911,1382,0.65918958,65.919,,,,,,
all_answers,user14,Q2,mask_missing,약간 놓침,soft,249,1382,0.18017366,18.0174,,,,,,
all_answers,user14,Q2,mask_missing,판단불가,soft,99,1382,0.07163531,7.1635,,,,,,
all_answers,user14,Q2,mask_missing,많이 놓침,critical,123,1382,0.08900145,8.9001,,,,,,
all_answers,user15,Q2,mask_missing,모두 포함함,good,861,1296,0.66435185,66.4352,,,,,,
all_answers,user15,Q2,mask_missing,약간 놓침,soft,219,1296,0.16898148,16.8981,,,,,,
all_answers,user15,Q2,mask_missing,판단불가,soft,75,1296,0.05787037,5.787,,,,,,
all_answers,user15,Q2,mask_missing,많이 놓침,critical,141,1296,0.1087963,10.8796,,,,,,
all_answers,user16,Q2,mask_missing,모두 포함함,good,806,1265,0.63715415,63.7154,,,,,,
all_answers,user16,Q2,mask_missing,약간 놓침,soft,235,1265,0.18577075,18.5771,,,,,,
all_answers,user16,Q2,mask_missing,판단불가,soft,19,1265,0.01501976,1.502,,,,,,
all_answers,user16,Q2,mask_missing,많이 놓침,critical,205,1265,0.16205534,16.2055,,,,,,
all_answers,user17,Q2,mask_missing,모두 포함함,good,629,1048,0.60019084,60.0191,,,,,,
all_answers,user17,Q2,mask_missing,약간 놓침,soft,130,1048,0.1240458,12.4046,,,,,,
all_answers,user17,Q2,mask_missing,판단불가,soft,94,1048,0.08969466,8.9695,,,,,,
all_answers,user17,Q2,mask_missing,많이 놓침,critical,195,1048,0.1860687,18.6069,,,,,,
all_answers,user18,Q2,mask_missing,모두 포함함,good,1025,1344,0.76264881,76.2649,,,,,,
all_answers,user18,Q2,mask_missing,약간 놓침,soft,184,1344,0.13690476,13.6905,,,,,,
all_answers,user18,Q2,mask_missing,판단불가,soft,56,1344,0.04166667,4.1667,,,,,,
all_answers,user18,Q2,mask_missing,많이 놓침,critical,79,1344,0.05877976,5.878,,,,,,
all_answers,user19,Q2,mask_missing,모두 포함함,good,872,1460,0.59726027,59.726,,,,,,
all_answers,user19,Q2,mask_missing,약간 놓침,soft,406,1460,0.27808219,27.8082,,,,,,
all_answers,user19,Q2,mask_missing,판단불가,soft,83,1460,0.05684932,5.6849,,,,,,
all_answers,user19,Q2,mask_missing,많이 놓침,critical,99,1460,0.06780822,6.7808,,,,,,
all_answers,user20,Q2,mask_missing,모두 포함함,good,728,1194,0.60971524,60.9715,,,,,,
all_answers,user20,Q2,mask_missing,약간 놓침,soft,243,1194,0.20351759,20.3518,,,,,,
all_answers,user20,Q2,mask_missing,판단불가,soft,133,1194,0.11139028,11.139,,,,,,
all_answers,user20,Q2,mask_missing,많이 놓침,critical,90,1194,0.07537688,7.5377,,,,,,
all_answers,user1,Q3,mask_extra,포함하지 않음,good,979,1217,0.80443714,80.4437,,,,,,
all_answers,user1,Q3,mask_extra,약간 포함,soft,128,1217,0.10517666,10.5177,,,,,,
all_answers,user1,Q3,mask_extra,판단불가,soft,92,1217,0.07559573,7.5596,,,,,,
all_answers,user1,Q3,mask_extra,많이 포함,critical,18,1217,0.01479047,1.479,,,,,,
all_answers,user2,Q3,mask_extra,포함하지 않음,good,1019,1258,0.8100159,81.0016,,,,,,
all_answers,user2,Q3,mask_extra,약간 포함,soft,100,1258,0.07949126,7.9491,,,,,,
all_answers,user2,Q3,mask_extra,판단불가,soft,109,1258,0.08664547,8.6645,,,,,,
all_answers,user2,Q3,mask_extra,많이 포함,critical,30,1258,0.02384738,2.3847,,,,,,
all_answers,user3,Q3,mask_extra,포함하지 않음,good,1053,1244,0.84646302,84.6463,,,,,,
all_answers,user3,Q3,mask_extra,약간 포함,soft,109,1244,0.08762058,8.7621,,,,,,
all_answers,user3,Q3,mask_extra,판단불가,soft,66,1244,0.05305466,5.3055,,,,,,
all_answers,user3,Q3,mask_extra,많이 포함,critical,16,1244,0.01286174,1.2862,,,,,,
all_answers,user4,Q3,mask_extra,포함하지 않음,good,1044,1360,0.76764706,76.7647,,,,,,
all_answers,user4,Q3,mask_extra,약간 포함,soft,132,1360,0.09705882,9.7059,,,,,,
all_answers,user4,Q3,mask_extra,판단불가,soft,127,1360,0.09338235,9.3382,,,,,,
all_answers,user4,Q3,mask_extra,많이 포함,critical,57,1360,0.04191176,4.1912,,,,,,
all_answers,user5,Q3,mask_extra,포함하지 않음,good,914,1157,0.78997407,78.9974,,,,,,
all_answers,user5,Q3,mask_extra,약간 포함,soft,97,1157,0.08383751,8.3838,,,,,,
all_answers,user5,Q3,mask_extra,판단불가,soft,92,1157,0.07951599,7.9516,,,,,,
all_answers,user5,Q3,mask_extra,많이 포함,critical,54,1157,0.04667243,4.6672,,,,,,
all_answers,user6,Q3,mask_extra,포함하지 않음,good,1104,1288,0.85714286,85.7143,,,,,,
all_answers,user6,Q3,mask_extra,약간 포함,soft,82,1288,0.0636646,6.3665,,,,,,
all_answers,user6,Q3,mask_extra,판단불가,soft,88,1288,0.06832298,6.8323,,,,,,
all_answers,user6,Q3,mask_extra,많이 포함,critical,14,1288,0.01086957,1.087,,,,,,
all_answers,user7,Q3,mask_extra,포함하지 않음,good,1116,1360,0.82058824,82.0588,,,,,,
all_answers,user7,Q3,mask_extra,약간 포함,soft,106,1360,0.07794118,7.7941,,,,,,
all_answers,user7,Q3,mask_extra,판단불가,soft,118,1360,0.08676471,8.6765,,,,,,
all_answers,user7,Q3,mask_extra,많이 포함,critical,20,1360,0.01470588,1.4706,,,,,,
all_answers,user8,Q3,mask_extra,포함하지 않음,good,1012,1124,0.90035587,90.0356,,,,,,
all_answers,user8,Q3,mask_extra,약간 포함,soft,61,1124,0.05427046,5.427,,,,,,
all_answers,user8,Q3,mask_extra,판단불가,soft,48,1124,0.04270463,4.2705,,,,,,
all_answers,user8,Q3,mask_extra,많이 포함,critical,3,1124,0.00266904,0.2669,,,,,,
all_answers,user9,Q3,mask_extra,포함하지 않음,good,1020,1256,0.81210191,81.2102,,,,,,
all_answers,user9,Q3,mask_extra,약간 포함,soft,149,1256,0.11863057,11.8631,,,,,,
all_answers,user9,Q3,mask_extra,판단불가,soft,68,1256,0.05414013,5.414,,,,,,
all_answers,user9,Q3,mask_extra,많이 포함,critical,19,1256,0.01512739,1.5127,,,,,,
all_answers,user10,Q3,mask_extra,포함하지 않음,good,1041,1242,0.83816425,83.8164,,,,,,
all_answers,user10,Q3,mask_extra,약간 포함,soft,101,1242,0.08132045,8.132,,,,,,
all_answers,user10,Q3,mask_extra,판단불가,soft,78,1242,0.06280193,6.2802,,,,,,
all_answers,user10,Q3,mask_extra,많이 포함,critical,22,1242,0.01771337,1.7713,,,,,,
all_answers,user11,Q3,mask_extra,포함하지 않음,good,1108,1411,0.78525868,78.5259,,,,,,
all_answers,user11,Q3,mask_extra,약간 포함,soft,95,1411,0.06732814,6.7328,,,,,,
all_answers,user11,Q3,mask_extra,판단불가,soft,176,1411,0.12473423,12.4734,,,,,,
all_answers,user11,Q3,mask_extra,많이 포함,critical,32,1411,0.02267895,2.2679,,,,,,
all_answers,user12,Q3,mask_extra,포함하지 않음,good,1064,1304,0.81595092,81.5951,,,,,,
all_answers,user12,Q3,mask_extra,약간 포함,soft,138,1304,0.10582822,10.5828,,,,,,
all_answers,user12,Q3,mask_extra,판단불가,soft,75,1304,0.05751534,5.7515,,,,,,
all_answers,user12,Q3,mask_extra,많이 포함,critical,27,1304,0.02070552,2.0706,,,,,,
all_answers,user13,Q3,mask_extra,포함하지 않음,good,1028,1192,0.86241611,86.2416,,,,,,
all_answers,user13,Q3,mask_extra,약간 포함,soft,64,1192,0.05369128,5.3691,,,,,,
all_answers,user13,Q3,mask_extra,판단불가,soft,68,1192,0.05704698,5.7047,,,,,,
all_answers,user13,Q3,mask_extra,많이 포함,critical,32,1192,0.02684564,2.6846,,,,,,
all_answers,user14,Q3,mask_extra,포함하지 않음,good,1155,1382,0.8357453,83.5745,,,,,,
all_answers,user14,Q3,mask_extra,약간 포함,soft,113,1382,0.08176556,8.1766,,,,,,
all_answers,user14,Q3,mask_extra,판단불가,soft,98,1382,0.07091172,7.0912,,,,,,
all_answers,user14,Q3,mask_extra,많이 포함,critical,16,1382,0.01157742,1.1577,,,,,,
all_answers,user15,Q3,mask_extra,포함하지 않음,good,1033,1296,0.7970679,79.7068,,,,,,
all_answers,user15,Q3,mask_extra,약간 포함,soft,168,1296,0.12962963,12.963,,,,,,
all_answers,user15,Q3,mask_extra,판단불가,soft,75,1296,0.05787037,5.787,,,,,,
all_answers,user15,Q3,mask_extra,많이 포함,critical,20,1296,0.0154321,1.5432,,,,,,
all_answers,user16,Q3,mask_extra,포함하지 않음,good,1049,1265,0.82924901,82.9249,,,,,,
all_answers,user16,Q3,mask_extra,약간 포함,soft,83,1265,0.06561265,6.5613,,,,,,
all_answers,user16,Q3,mask_extra,판단불가,soft,17,1265,0.01343874,1.3439,,,,,,
all_answers,user16,Q3,mask_extra,많이 포함,critical,116,1265,0.0916996,9.17,,,,,,
all_answers,user17,Q3,mask_extra,포함하지 않음,good,773,1048,0.73759542,73.7595,,,,,,
all_answers,user17,Q3,mask_extra,약간 포함,soft,89,1048,0.08492366,8.4924,,,,,,
all_answers,user17,Q3,mask_extra,판단불가,soft,95,1048,0.09064885,9.0649,,,,,,
all_answers,user17,Q3,mask_extra,많이 포함,critical,91,1048,0.08683206,8.6832,,,,,,
all_answers,user18,Q3,mask_extra,포함하지 않음,good,1207,1344,0.89806548,89.8065,,,,,,
all_answers,user18,Q3,mask_extra,약간 포함,soft,65,1344,0.0483631,4.8363,,,,,,
all_answers,user18,Q3,mask_extra,판단불가,soft,56,1344,0.04166667,4.1667,,,,,,
all_answers,user18,Q3,mask_extra,많이 포함,critical,16,1344,0.01190476,1.1905,,,,,,
all_answers,user19,Q3,mask_extra,포함하지 않음,good,1177,1460,0.80616438,80.6164,,,,,,
all_answers,user19,Q3,mask_extra,약간 포함,soft,171,1460,0.11712329,11.7123,,,,,,
all_answers,user19,Q3,mask_extra,판단불가,soft,83,1460,0.05684932,5.6849,,,,,,
all_answers,user19,Q3,mask_extra,많이 포함,critical,29,1460,0.01986301,1.9863,,,,,,
all_answers,user20,Q3,mask_extra,포함하지 않음,good,934,1194,0.78224456,78.2245,,,,,,
all_answers,user20,Q3,mask_extra,약간 포함,soft,102,1194,0.08542714,8.5427,,,,,,
all_answers,user20,Q3,mask_extra,판단불가,soft,133,1194,0.11139028,11.139,,,,,,
all_answers,user20,Q3,mask_extra,많이 포함,critical,25,1194,0.02093802,2.0938,,,,,,
all_answers,user1,Q4,instance_separation,정확,good,948,1217,0.77896467,77.8965,,,,,,
all_answers,user1,Q4,instance_separation,수용 가능,soft,115,1217,0.09449466,9.4495,,,,,,
all_answers,user1,Q4,instance_separation,판단불가,soft,97,1217,0.07970419,7.9704,,,,,,
all_answers,user1,Q4,instance_separation,부정확,critical,55,1217,0.0451931,4.5193,,,,,,
all_answers,user1,Q4,instance_separation,실패,critical,2,1217,0.00164339,0.1643,,,,,,
all_answers,user2,Q4,instance_separation,정확,good,1073,1258,0.85294118,85.2941,,,,,,
all_answers,user2,Q4,instance_separation,수용 가능,soft,68,1258,0.05405405,5.4054,,,,,,
all_answers,user2,Q4,instance_separation,판단불가,soft,107,1258,0.08505564,8.5056,,,,,,
all_answers,user2,Q4,instance_separation,부정확,critical,7,1258,0.00556439,0.5564,,,,,,
all_answers,user2,Q4,instance_separation,실패,critical,3,1258,0.00238474,0.2385,,,,,,
all_answers,user3,Q4,instance_separation,정확,good,1154,1244,0.92765273,92.7653,,,,,,
all_answers,user3,Q4,instance_separation,수용 가능,soft,20,1244,0.01607717,1.6077,,,,,,
all_answers,user3,Q4,instance_separation,판단불가,soft,64,1244,0.05144695,5.1447,,,,,,
all_answers,user3,Q4,instance_separation,부정확,critical,6,1244,0.00482315,0.4823,,,,,,
all_answers,user3,Q4,instance_separation,실패,critical,0,1244,0,0,,,,,,
all_answers,user4,Q4,instance_separation,정확,good,957,1360,0.70367647,70.3676,,,,,,
all_answers,user4,Q4,instance_separation,수용 가능,soft,195,1360,0.14338235,14.3382,,,,,,
all_answers,user4,Q4,instance_separation,판단불가,soft,124,1360,0.09117647,9.1176,,,,,,
all_answers,user4,Q4,instance_separation,부정확,critical,76,1360,0.05588235,5.5882,,,,,,
all_answers,user4,Q4,instance_separation,실패,critical,8,1360,0.00588235,0.5882,,,,,,
all_answers,user5,Q4,instance_separation,정확,good,959,1157,0.82886776,82.8868,,,,,,
all_answers,user5,Q4,instance_separation,수용 가능,soft,63,1157,0.05445117,5.4451,,,,,,
all_answers,user5,Q4,instance_separation,판단불가,soft,90,1157,0.07778738,7.7787,,,,,,
all_answers,user5,Q4,instance_separation,부정확,critical,39,1157,0.03370787,3.3708,,,,,,
all_answers,user5,Q4,instance_separation,실패,critical,6,1157,0.00518583,0.5186,,,,,,
all_answers,user6,Q4,instance_separation,정확,good,1169,1288,0.9076087,90.7609,,,,,,
all_answers,user6,Q4,instance_separation,수용 가능,soft,20,1288,0.01552795,1.5528,,,,,,
all_answers,user6,Q4,instance_separation,판단불가,soft,91,1288,0.07065217,7.0652,,,,,,
all_answers,user6,Q4,instance_separation,부정확,critical,7,1288,0.00543478,0.5435,,,,,,
all_answers,user6,Q4,instance_separation,실패,critical,1,1288,0.0007764,0.0776,,,,,,
all_answers,user7,Q4,instance_separation,정확,good,1184,1360,0.87058824,87.0588,,,,,,
all_answers,user7,Q4,instance_separation,수용 가능,soft,36,1360,0.02647059,2.6471,,,,,,
all_answers,user7,Q4,instance_separation,판단불가,soft,118,1360,0.08676471,8.6765,,,,,,
all_answers,user7,Q4,instance_separation,부정확,critical,22,1360,0.01617647,1.6176,,,,,,
all_answers,user7,Q4,instance_separation,실패,critical,0,1360,0,0,,,,,,
all_answers,user8,Q4,instance_separation,정확,good,1059,1124,0.94217082,94.2171,,,,,,
all_answers,user8,Q4,instance_separation,수용 가능,soft,10,1124,0.0088968,0.8897,,,,,,
all_answers,user8,Q4,instance_separation,판단불가,soft,47,1124,0.04181495,4.1815,,,,,,
all_answers,user8,Q4,instance_separation,부정확,critical,8,1124,0.00711744,0.7117,,,,,,
all_answers,user8,Q4,instance_separation,실패,critical,0,1124,0,0,,,,,,
all_answers,user9,Q4,instance_separation,정확,good,1074,1256,0.85509554,85.5096,,,,,,
all_answers,user9,Q4,instance_separation,수용 가능,soft,102,1256,0.08121019,8.121,,,,,,
all_answers,user9,Q4,instance_separation,판단불가,soft,67,1256,0.05334395,5.3344,,,,,,
all_answers,user9,Q4,instance_separation,부정확,critical,12,1256,0.00955414,0.9554,,,,,,
all_answers,user9,Q4,instance_separation,실패,critical,1,1256,0.00079618,0.0796,,,,,,
all_answers,user10,Q4,instance_separation,정확,good,1154,1242,0.92914654,92.9147,,,,,,
all_answers,user10,Q4,instance_separation,수용 가능,soft,8,1242,0.00644122,0.6441,,,,,,
all_answers,user10,Q4,instance_separation,판단불가,soft,72,1242,0.05797101,5.7971,,,,,,
all_answers,user10,Q4,instance_separation,부정확,critical,7,1242,0.00563607,0.5636,,,,,,
all_answers,user10,Q4,instance_separation,실패,critical,1,1242,0.00080515,0.0805,,,,,,
all_answers,user11,Q4,instance_separation,정확,good,1077,1411,0.76328845,76.3288,,,,,,
all_answers,user11,Q4,instance_separation,수용 가능,soft,137,1411,0.09709426,9.7094,,,,,,
all_answers,user11,Q4,instance_separation,판단불가,soft,179,1411,0.12686038,12.686,,,,,,
all_answers,user11,Q4,instance_separation,부정확,critical,18,1411,0.01275691,1.2757,,,,,,
all_answers,user11,Q4,instance_separation,실패,critical,0,1411,0,0,,,,,,
all_answers,user12,Q4,instance_separation,정확,good,1077,1304,0.82592025,82.592,,,,,,
all_answers,user12,Q4,instance_separation,수용 가능,soft,132,1304,0.10122699,10.1227,,,,,,
all_answers,user12,Q4,instance_separation,판단불가,soft,77,1304,0.05904908,5.9049,,,,,,
all_answers,user12,Q4,instance_separation,부정확,critical,18,1304,0.01380368,1.3804,,,,,,
all_answers,user12,Q4,instance_separation,실패,critical,0,1304,0,0,,,,,,
all_answers,user13,Q4,instance_separation,정확,good,1119,1192,0.93875839,93.8758,,,,,,
all_answers,user13,Q4,instance_separation,수용 가능,soft,3,1192,0.00251678,0.2517,,,,,,
all_answers,user13,Q4,instance_separation,판단불가,soft,67,1192,0.05620805,5.6208,,,,,,
all_answers,user13,Q4,instance_separation,부정확,critical,2,1192,0.00167785,0.1678,,,,,,
all_answers,user13,Q4,instance_separation,실패,critical,1,1192,0.00083893,0.0839,,,,,,
all_answers,user14,Q4,instance_separation,정확,good,1277,1382,0.92402315,92.4023,,,,,,
all_answers,user14,Q4,instance_separation,수용 가능,soft,3,1382,0.00217077,0.2171,,,,,,
all_answers,user14,Q4,instance_separation,판단불가,soft,99,1382,0.07163531,7.1635,,,,,,
all_answers,user14,Q4,instance_separation,부정확,critical,2,1382,0.00144718,0.1447,,,,,,
all_answers,user14,Q4,instance_separation,실패,critical,1,1382,0.00072359,0.0724,,,,,,
all_answers,user15,Q4,instance_separation,정확,good,1167,1296,0.90046296,90.0463,,,,,,
all_answers,user15,Q4,instance_separation,수용 가능,soft,17,1296,0.01311728,1.3117,,,,,,
all_answers,user15,Q4,instance_separation,판단불가,soft,73,1296,0.05632716,5.6327,,,,,,
all_answers,user15,Q4,instance_separation,부정확,critical,29,1296,0.02237654,2.2377,,,,,,
all_answers,user15,Q4,instance_separation,실패,critical,10,1296,0.00771605,0.7716,,,,,,
all_answers,user16,Q4,instance_separation,정확,good,1052,1265,0.83162055,83.1621,,,,,,
all_answers,user16,Q4,instance_separation,수용 가능,soft,127,1265,0.10039526,10.0395,,,,,,
all_answers,user16,Q4,instance_separation,판단불가,soft,18,1265,0.01422925,1.4229,,,,,,
all_answers,user16,Q4,instance_separation,부정확,critical,62,1265,0.04901186,4.9012,,,,,,
all_answers,user16,Q4,instance_separation,실패,critical,6,1265,0.00474308,0.4743,,,,,,
all_answers,user17,Q4,instance_separation,정확,good,728,1048,0.69465649,69.4656,,,,,,
all_answers,user17,Q4,instance_separation,수용 가능,soft,106,1048,0.10114504,10.1145,,,,,,
all_answers,user17,Q4,instance_separation,판단불가,soft,95,1048,0.09064885,9.0649,,,,,,
all_answers,user17,Q4,instance_separation,부정확,critical,95,1048,0.09064885,9.0649,,,,,,
all_answers,user17,Q4,instance_separation,실패,critical,24,1048,0.02290076,2.2901,,,,,,
all_answers,user18,Q4,instance_separation,정확,good,1272,1344,0.94642857,94.6429,,,,,,
all_answers,user18,Q4,instance_separation,수용 가능,soft,9,1344,0.00669643,0.6696,,,,,,
all_answers,user18,Q4,instance_separation,판단불가,soft,56,1344,0.04166667,4.1667,,,,,,
all_answers,user18,Q4,instance_separation,부정확,critical,5,1344,0.00372024,0.372,,,,,,
all_answers,user18,Q4,instance_separation,실패,critical,2,1344,0.0014881,0.1488,,,,,,
all_answers,user19,Q4,instance_separation,정확,good,1327,1460,0.90890411,90.8904,,,,,,
all_answers,user19,Q4,instance_separation,수용 가능,soft,35,1460,0.0239726,2.3973,,,,,,
all_answers,user19,Q4,instance_separation,판단불가,soft,81,1460,0.05547945,5.5479,,,,,,
all_answers,user19,Q4,instance_separation,부정확,critical,17,1460,0.01164384,1.1644,,,,,,
all_answers,user19,Q4,instance_separation,실패,critical,0,1460,0,0,,,,,,
all_answers,user20,Q4,instance_separation,정확,good,876,1194,0.73366834,73.3668,,,,,,
all_answers,user20,Q4,instance_separation,수용 가능,soft,136,1194,0.11390285,11.3903,,,,,,
all_answers,user20,Q4,instance_separation,판단불가,soft,133,1194,0.11139028,11.139,,,,,,
all_answers,user20,Q4,instance_separation,부정확,critical,49,1194,0.04103853,4.1039,,,,,,
all_answers,user20,Q4,instance_separation,실패,critical,0,1194,0,0,,,,,,
all_answers,user1,Q5,mask_quality,정확,good,905,1217,0.74363188,74.3632,,,,,,
all_answers,user1,Q5,mask_quality,수용 가능,soft,181,1217,0.14872638,14.8726,,,,,,
all_answers,user1,Q5,mask_quality,판단불가,soft,93,1217,0.07641742,7.6417,,,,,,
all_answers,user1,Q5,mask_quality,부정확,critical,34,1217,0.02793755,2.7938,,,,,,
all_answers,user1,Q5,mask_quality,실패,critical,4,1217,0.00328677,0.3287,,,,,,
all_answers,user2,Q5,mask_quality,정확,good,849,1258,0.67488076,67.4881,,,,,,
all_answers,user2,Q5,mask_quality,수용 가능,soft,261,1258,0.20747218,20.7472,,,,,,
all_answers,user2,Q5,mask_quality,판단불가,soft,109,1258,0.08664547,8.6645,,,,,,
all_answers,user2,Q5,mask_quality,부정확,critical,32,1258,0.0254372,2.5437,,,,,,
all_answers,user2,Q5,mask_quality,실패,critical,7,1258,0.00556439,0.5564,,,,,,
all_answers,user3,Q5,mask_quality,정확,good,740,1244,0.59485531,59.4855,,,,,,
all_answers,user3,Q5,mask_quality,수용 가능,soft,379,1244,0.30466238,30.4662,,,,,,
all_answers,user3,Q5,mask_quality,판단불가,soft,65,1244,0.0522508,5.2251,,,,,,
all_answers,user3,Q5,mask_quality,부정확,critical,54,1244,0.04340836,4.3408,,,,,,
all_answers,user3,Q5,mask_quality,실패,critical,6,1244,0.00482315,0.4823,,,,,,
all_answers,user4,Q5,mask_quality,정확,good,890,1360,0.65441176,65.4412,,,,,,
all_answers,user4,Q5,mask_quality,수용 가능,soft,264,1360,0.19411765,19.4118,,,,,,
all_answers,user4,Q5,mask_quality,판단불가,soft,123,1360,0.09044118,9.0441,,,,,,
all_answers,user4,Q5,mask_quality,부정확,critical,81,1360,0.05955882,5.9559,,,,,,
all_answers,user4,Q5,mask_quality,실패,critical,2,1360,0.00147059,0.1471,,,,,,
all_answers,user5,Q5,mask_quality,정확,good,720,1157,0.62229905,62.2299,,,,,,
all_answers,user5,Q5,mask_quality,수용 가능,soft,234,1157,0.20224719,20.2247,,,,,,
all_answers,user5,Q5,mask_quality,판단불가,soft,92,1157,0.07951599,7.9516,,,,,,
all_answers,user5,Q5,mask_quality,부정확,critical,85,1157,0.07346586,7.3466,,,,,,
all_answers,user5,Q5,mask_quality,실패,critical,26,1157,0.02247191,2.2472,,,,,,
all_answers,user6,Q5,mask_quality,정확,good,1028,1288,0.79813665,79.8137,,,,,,
all_answers,user6,Q5,mask_quality,수용 가능,soft,125,1288,0.09704969,9.705,,,,,,
all_answers,user6,Q5,mask_quality,판단불가,soft,90,1288,0.06987578,6.9876,,,,,,
all_answers,user6,Q5,mask_quality,부정확,critical,42,1288,0.0326087,3.2609,,,,,,
all_answers,user6,Q5,mask_quality,실패,critical,3,1288,0.00232919,0.2329,,,,,,
all_answers,user7,Q5,mask_quality,정확,good,1100,1360,0.80882353,80.8824,,,,,,
all_answers,user7,Q5,mask_quality,수용 가능,soft,106,1360,0.07794118,7.7941,,,,,,
all_answers,user7,Q5,mask_quality,판단불가,soft,117,1360,0.08602941,8.6029,,,,,,
all_answers,user7,Q5,mask_quality,부정확,critical,35,1360,0.02573529,2.5735,,,,,,
all_answers,user7,Q5,mask_quality,실패,critical,2,1360,0.00147059,0.1471,,,,,,
all_answers,user8,Q5,mask_quality,정확,good,864,1124,0.76868327,76.8683,,,,,,
all_answers,user8,Q5,mask_quality,수용 가능,soft,181,1124,0.16103203,16.1032,,,,,,
all_answers,user8,Q5,mask_quality,판단불가,soft,48,1124,0.04270463,4.2705,,,,,,
all_answers,user8,Q5,mask_quality,부정확,critical,29,1124,0.02580071,2.5801,,,,,,
all_answers,user8,Q5,mask_quality,실패,critical,2,1124,0.00177936,0.1779,,,,,,
all_answers,user9,Q5,mask_quality,정확,good,1033,1256,0.82245223,82.2452,,,,,,
all_answers,user9,Q5,mask_quality,수용 가능,soft,143,1256,0.1138535,11.3854,,,,,,
all_answers,user9,Q5,mask_quality,판단불가,soft,68,1256,0.05414013,5.414,,,,,,
all_answers,user9,Q5,mask_quality,부정확,critical,12,1256,0.00955414,0.9554,,,,,,
all_answers,user9,Q5,mask_quality,실패,critical,0,1256,0,0,,,,,,
all_answers,user10,Q5,mask_quality,정확,good,884,1242,0.71175523,71.1755,,,,,,
all_answers,user10,Q5,mask_quality,수용 가능,soft,227,1242,0.18276973,18.277,,,,,,
all_answers,user10,Q5,mask_quality,판단불가,soft,73,1242,0.05877617,5.8776,,,,,,
all_answers,user10,Q5,mask_quality,부정확,critical,54,1242,0.04347826,4.3478,,,,,,
all_answers,user10,Q5,mask_quality,실패,critical,4,1242,0.00322061,0.3221,,,,,,
all_answers,user11,Q5,mask_quality,정확,good,1068,1411,0.75690999,75.691,,,,,,
all_answers,user11,Q5,mask_quality,수용 가능,soft,145,1411,0.102764,10.2764,,,,,,
all_answers,user11,Q5,mask_quality,판단불가,soft,179,1411,0.12686038,12.686,,,,,,
all_answers,user11,Q5,mask_quality,부정확,critical,19,1411,0.01346563,1.3466,,,,,,
all_answers,user11,Q5,mask_quality,실패,critical,0,1411,0,0,,,,,,
all_answers,user12,Q5,mask_quality,정확,good,771,1304,0.59125767,59.1258,,,,,,
all_answers,user12,Q5,mask_quality,수용 가능,soft,445,1304,0.34125767,34.1258,,,,,,
all_answers,user12,Q5,mask_quality,판단불가,soft,76,1304,0.05828221,5.8282,,,,,,
all_answers,user12,Q5,mask_quality,부정확,critical,11,1304,0.00843558,0.8436,,,,,,
all_answers,user12,Q5,mask_quality,실패,critical,1,1304,0.00076687,0.0767,,,,,,
all_answers,user13,Q5,mask_quality,정확,good,1122,1192,0.94127517,94.1275,,,,,,
all_answers,user13,Q5,mask_quality,수용 가능,soft,0,1192,0,0,,,,,,
all_answers,user13,Q5,mask_quality,판단불가,soft,67,1192,0.05620805,5.6208,,,,,,
all_answers,user13,Q5,mask_quality,부정확,critical,2,1192,0.00167785,0.1678,,,,,,
all_answers,user13,Q5,mask_quality,실패,critical,1,1192,0.00083893,0.0839,,,,,,
all_answers,user14,Q5,mask_quality,정확,good,1024,1382,0.74095514,74.0955,,,,,,
all_answers,user14,Q5,mask_quality,수용 가능,soft,229,1382,0.16570188,16.5702,,,,,,
all_answers,user14,Q5,mask_quality,판단불가,soft,99,1382,0.07163531,7.1635,,,,,,
all_answers,user14,Q5,mask_quality,부정확,critical,27,1382,0.0195369,1.9537,,,,,,
all_answers,user14,Q5,mask_quality,실패,critical,3,1382,0.00217077,0.2171,,,,,,
all_answers,user15,Q5,mask_quality,정확,good,841,1296,0.64891975,64.892,,,,,,
all_answers,user15,Q5,mask_quality,수용 가능,soft,240,1296,0.18518519,18.5185,,,,,,
all_answers,user15,Q5,mask_quality,판단불가,soft,72,1296,0.05555556,5.5556,,,,,,
all_answers,user15,Q5,mask_quality,부정확,critical,112,1296,0.08641975,8.642,,,,,,
all_answers,user15,Q5,mask_quality,실패,critical,31,1296,0.02391975,2.392,,,,,,
all_answers,user16,Q5,mask_quality,정확,good,1160,1265,0.91699605,91.6996,,,,,,
all_answers,user16,Q5,mask_quality,수용 가능,soft,50,1265,0.03952569,3.9526,,,,,,
all_answers,user16,Q5,mask_quality,판단불가,soft,16,1265,0.01264822,1.2648,,,,,,
all_answers,user16,Q5,mask_quality,부정확,critical,26,1265,0.02055336,2.0553,,,,,,
all_answers,user16,Q5,mask_quality,실패,critical,13,1265,0.01027668,1.0277,,,,,,
all_answers,user17,Q5,mask_quality,정확,good,543,1048,0.51812977,51.813,,,,,,
all_answers,user17,Q5,mask_quality,수용 가능,soft,372,1048,0.35496183,35.4962,,,,,,
all_answers,user17,Q5,mask_quality,판단불가,soft,95,1048,0.09064885,9.0649,,,,,,
all_answers,user17,Q5,mask_quality,부정확,critical,34,1048,0.03244275,3.2443,,,,,,
all_answers,user17,Q5,mask_quality,실패,critical,4,1048,0.00381679,0.3817,,,,,,
all_answers,user18,Q5,mask_quality,정확,good,1033,1344,0.76860119,76.8601,,,,,,
all_answers,user18,Q5,mask_quality,수용 가능,soft,206,1344,0.15327381,15.3274,,,,,,
all_answers,user18,Q5,mask_quality,판단불가,soft,56,1344,0.04166667,4.1667,,,,,,
all_answers,user18,Q5,mask_quality,부정확,critical,47,1344,0.03497024,3.497,,,,,,
all_answers,user18,Q5,mask_quality,실패,critical,2,1344,0.0014881,0.1488,,,,,,
all_answers,user19,Q5,mask_quality,정확,good,1229,1460,0.84178082,84.1781,,,,,,
all_answers,user19,Q5,mask_quality,수용 가능,soft,108,1460,0.0739726,7.3973,,,,,,
all_answers,user19,Q5,mask_quality,판단불가,soft,81,1460,0.05547945,5.5479,,,,,,
all_answers,user19,Q5,mask_quality,부정확,critical,40,1460,0.02739726,2.7397,,,,,,
all_answers,user19,Q5,mask_quality,실패,critical,2,1460,0.00136986,0.137,,,,,,
all_answers,user20,Q5,mask_quality,정확,good,984,1194,0.8241206,82.4121,,,,,,
all_answers,user20,Q5,mask_quality,수용 가능,soft,36,1194,0.03015075,3.0151,,,,,,
all_answers,user20,Q5,mask_quality,판단불가,soft,133,1194,0.11139028,11.139,,,,,,
all_answers,user20,Q5,mask_quality,부정확,critical,41,1194,0.03433836,3.4338,,,,,,
all_answers,user20,Q5,mask_quality,실패,critical,0,1194,0,0,,,,,,
all_answers,user1,Q6,decomposition_nonleaf,없음,good,314,362,0.86740331,86.7403,,,,,,
all_answers,user1,Q6,decomposition_nonleaf,조금 있음,soft,25,362,0.06906077,6.9061,,,,,,
all_answers,user1,Q6,decomposition_nonleaf,판단불가,soft,20,362,0.05524862,5.5249,,,,,,
all_answers,user1,Q6,decomposition_nonleaf,많이 있음,critical,3,362,0.00828729,0.8287,,,,,,
all_answers,user2,Q6,decomposition_nonleaf,없음,good,351,383,0.91644909,91.6449,,,,,,
all_answers,user2,Q6,decomposition_nonleaf,조금 있음,soft,4,383,0.01044386,1.0444,,,,,,
all_answers,user2,Q6,decomposition_nonleaf,판단불가,soft,27,383,0.07049608,7.0496,,,,,,
all_answers,user2,Q6,decomposition_nonleaf,많이 있음,critical,1,383,0.00261097,0.2611,,,,,,
all_answers,user3,Q6,decomposition_nonleaf,없음,good,373,383,0.97389034,97.389,,,,,,
all_answers,user3,Q6,decomposition_nonleaf,조금 있음,soft,3,383,0.0078329,0.7833,,,,,,
all_answers,user3,Q6,decomposition_nonleaf,판단불가,soft,5,383,0.01305483,1.3055,,,,,,
all_answers,user3,Q6,decomposition_nonleaf,많이 있음,critical,2,383,0.00522193,0.5222,,,,,,
all_answers,user4,Q6,decomposition_nonleaf,없음,good,393,417,0.94244604,94.2446,,,,,,
all_answers,user4,Q6,decomposition_nonleaf,조금 있음,soft,6,417,0.01438849,1.4388,,,,,,
all_answers,user4,Q6,decomposition_nonleaf,판단불가,soft,14,417,0.03357314,3.3573,,,,,,
all_answers,user4,Q6,decomposition_nonleaf,많이 있음,critical,4,417,0.00959233,0.9592,,,,,,
all_answers,user5,Q6,decomposition_nonleaf,없음,good,319,362,0.88121547,88.1215,,,,,,
all_answers,user5,Q6,decomposition_nonleaf,조금 있음,soft,9,362,0.02486188,2.4862,,,,,,
all_answers,user5,Q6,decomposition_nonleaf,판단불가,soft,13,362,0.0359116,3.5912,,,,,,
all_answers,user5,Q6,decomposition_nonleaf,많이 있음,critical,21,362,0.05801105,5.8011,,,,,,
all_answers,user6,Q6,decomposition_nonleaf,없음,good,378,395,0.95696203,95.6962,,,,,,
all_answers,user6,Q6,decomposition_nonleaf,조금 있음,soft,5,395,0.01265823,1.2658,,,,,,
all_answers,user6,Q6,decomposition_nonleaf,판단불가,soft,8,395,0.02025316,2.0253,,,,,,
all_answers,user6,Q6,decomposition_nonleaf,많이 있음,critical,4,395,0.01012658,1.0127,,,,,,
all_answers,user7,Q6,decomposition_nonleaf,없음,good,395,416,0.94951923,94.9519,,,,,,
all_answers,user7,Q6,decomposition_nonleaf,조금 있음,soft,5,416,0.01201923,1.2019,,,,,,
all_answers,user7,Q6,decomposition_nonleaf,판단불가,soft,15,416,0.03605769,3.6058,,,,,,
all_answers,user7,Q6,decomposition_nonleaf,많이 있음,critical,1,416,0.00240385,0.2404,,,,,,
all_answers,user8,Q6,decomposition_nonleaf,없음,good,349,357,0.97759104,97.7591,,,,,,
all_answers,user8,Q6,decomposition_nonleaf,조금 있음,soft,4,357,0.01120448,1.1204,,,,,,
all_answers,user8,Q6,decomposition_nonleaf,판단불가,soft,4,357,0.01120448,1.1204,,,,,,
all_answers,user8,Q6,decomposition_nonleaf,많이 있음,critical,0,357,0,0,,,,,,
all_answers,user9,Q6,decomposition_nonleaf,없음,good,358,389,0.92030848,92.0308,,,,,,
all_answers,user9,Q6,decomposition_nonleaf,조금 있음,soft,18,389,0.04627249,4.6272,,,,,,
all_answers,user9,Q6,decomposition_nonleaf,판단불가,soft,12,389,0.03084833,3.0848,,,,,,
all_answers,user9,Q6,decomposition_nonleaf,많이 있음,critical,1,389,0.00257069,0.2571,,,,,,
all_answers,user10,Q6,decomposition_nonleaf,없음,good,375,406,0.92364532,92.3645,,,,,,
all_answers,user10,Q6,decomposition_nonleaf,조금 있음,soft,19,406,0.04679803,4.6798,,,,,,
all_answers,user10,Q6,decomposition_nonleaf,판단불가,soft,7,406,0.01724138,1.7241,,,,,,
all_answers,user10,Q6,decomposition_nonleaf,많이 있음,critical,5,406,0.01231527,1.2315,,,,,,
all_answers,user11,Q6,decomposition_nonleaf,없음,good,309,432,0.71527778,71.5278,,,,,,
all_answers,user11,Q6,decomposition_nonleaf,조금 있음,soft,81,432,0.1875,18.75,,,,,,
all_answers,user11,Q6,decomposition_nonleaf,판단불가,soft,12,432,0.02777778,2.7778,,,,,,
all_answers,user11,Q6,decomposition_nonleaf,많이 있음,critical,30,432,0.06944444,6.9444,,,,,,
all_answers,user12,Q6,decomposition_nonleaf,없음,good,393,406,0.9679803,96.798,,,,,,
all_answers,user12,Q6,decomposition_nonleaf,조금 있음,soft,6,406,0.01477833,1.4778,,,,,,
all_answers,user12,Q6,decomposition_nonleaf,판단불가,soft,6,406,0.01477833,1.4778,,,,,,
all_answers,user12,Q6,decomposition_nonleaf,많이 있음,critical,1,406,0.00246305,0.2463,,,,,,
all_answers,user13,Q6,decomposition_nonleaf,없음,good,341,370,0.92162162,92.1622,,,,,,
all_answers,user13,Q6,decomposition_nonleaf,조금 있음,soft,20,370,0.05405405,5.4054,,,,,,
all_answers,user13,Q6,decomposition_nonleaf,판단불가,soft,6,370,0.01621622,1.6216,,,,,,
all_answers,user13,Q6,decomposition_nonleaf,많이 있음,critical,3,370,0.00810811,0.8108,,,,,,
all_answers,user14,Q6,decomposition_nonleaf,없음,good,390,439,0.88838269,88.8383,,,,,,
all_answers,user14,Q6,decomposition_nonleaf,조금 있음,soft,35,439,0.07972665,7.9727,,,,,,
all_answers,user14,Q6,decomposition_nonleaf,판단불가,soft,13,439,0.02961276,2.9613,,,,,,
all_answers,user14,Q6,decomposition_nonleaf,많이 있음,critical,1,439,0.0022779,0.2278,,,,,,
all_answers,user15,Q6,decomposition_nonleaf,없음,good,352,402,0.87562189,87.5622,,,,,,
all_answers,user15,Q6,decomposition_nonleaf,조금 있음,soft,39,402,0.09701493,9.7015,,,,,,
all_answers,user15,Q6,decomposition_nonleaf,판단불가,soft,10,402,0.02487562,2.4876,,,,,,
all_answers,user15,Q6,decomposition_nonleaf,많이 있음,critical,1,402,0.00248756,0.2488,,,,,,
all_answers,user16,Q6,decomposition_nonleaf,없음,good,397,412,0.96359223,96.3592,,,,,,
all_answers,user16,Q6,decomposition_nonleaf,조금 있음,soft,5,412,0.01213592,1.2136,,,,,,
all_answers,user16,Q6,decomposition_nonleaf,판단불가,soft,3,412,0.00728155,0.7282,,,,,,
all_answers,user16,Q6,decomposition_nonleaf,많이 있음,critical,7,412,0.01699029,1.699,,,,,,
all_answers,user17,Q6,decomposition_nonleaf,없음,good,259,313,0.82747604,82.7476,,,,,,
all_answers,user17,Q6,decomposition_nonleaf,조금 있음,soft,34,313,0.1086262,10.8626,,,,,,
all_answers,user17,Q6,decomposition_nonleaf,판단불가,soft,10,313,0.03194888,3.1949,,,,,,
all_answers,user17,Q6,decomposition_nonleaf,많이 있음,critical,10,313,0.03194888,3.1949,,,,,,
all_answers,user18,Q6,decomposition_nonleaf,없음,good,397,403,0.98511166,98.5112,,,,,,
all_answers,user18,Q6,decomposition_nonleaf,조금 있음,soft,1,403,0.00248139,0.2481,,,,,,
all_answers,user18,Q6,decomposition_nonleaf,판단불가,soft,5,403,0.01240695,1.2407,,,,,,
all_answers,user18,Q6,decomposition_nonleaf,많이 있음,critical,0,403,0,0,,,,,,
all_answers,user19,Q6,decomposition_nonleaf,없음,good,427,457,0.93435449,93.4354,,,,,,
all_answers,user19,Q6,decomposition_nonleaf,조금 있음,soft,28,457,0.06126915,6.1269,,,,,,
all_answers,user19,Q6,decomposition_nonleaf,판단불가,soft,1,457,0.00218818,0.2188,,,,,,
all_answers,user19,Q6,decomposition_nonleaf,많이 있음,critical,1,457,0.00218818,0.2188,,,,,,
all_answers,user20,Q6,decomposition_nonleaf,없음,good,335,389,0.86118252,86.1183,,,,,,
all_answers,user20,Q6,decomposition_nonleaf,조금 있음,soft,34,389,0.0874036,8.7404,,,,,,
all_answers,user20,Q6,decomposition_nonleaf,판단불가,soft,15,389,0.03856041,3.856,,,,,,
all_answers,user20,Q6,decomposition_nonleaf,많이 있음,critical,5,389,0.01285347,1.2853,,,,,,
all_answers,user1,Q7,missing_child_nonleaf,없음,good,298,362,0.82320442,82.3204,,,,,,
all_answers,user1,Q7,missing_child_nonleaf,조금 있음,soft,42,362,0.1160221,11.6022,,,,,,
all_answers,user1,Q7,missing_child_nonleaf,판단불가,soft,21,362,0.05801105,5.8011,,,,,,
all_answers,user1,Q7,missing_child_nonleaf,많이 있음,critical,1,362,0.00276243,0.2762,,,,,,
all_answers,user2,Q7,missing_child_nonleaf,없음,good,349,383,0.91122715,91.1227,,,,,,
all_answers,user2,Q7,missing_child_nonleaf,조금 있음,soft,17,383,0.04438642,4.4386,,,,,,
all_answers,user2,Q7,missing_child_nonleaf,판단불가,soft,16,383,0.04177546,4.1775,,,,,,
all_answers,user2,Q7,missing_child_nonleaf,많이 있음,critical,1,383,0.00261097,0.2611,,,,,,
all_answers,user3,Q7,missing_child_nonleaf,없음,good,296,383,0.77284595,77.2846,,,,,,
all_answers,user3,Q7,missing_child_nonleaf,조금 있음,soft,78,383,0.20365535,20.3655,,,,,,
all_answers,user3,Q7,missing_child_nonleaf,판단불가,soft,5,383,0.01305483,1.3055,,,,,,
all_answers,user3,Q7,missing_child_nonleaf,많이 있음,critical,4,383,0.01044386,1.0444,,,,,,
all_answers,user4,Q7,missing_child_nonleaf,없음,good,385,417,0.92326139,92.3261,,,,,,
all_answers,user4,Q7,missing_child_nonleaf,조금 있음,soft,18,417,0.04316547,4.3165,,,,,,
all_answers,user4,Q7,missing_child_nonleaf,판단불가,soft,13,417,0.03117506,3.1175,,,,,,
all_answers,user4,Q7,missing_child_nonleaf,많이 있음,critical,1,417,0.00239808,0.2398,,,,,,
all_answers,user5,Q7,missing_child_nonleaf,없음,good,311,362,0.85911602,85.9116,,,,,,
all_answers,user5,Q7,missing_child_nonleaf,조금 있음,soft,33,362,0.09116022,9.116,,,,,,
all_answers,user5,Q7,missing_child_nonleaf,판단불가,soft,13,362,0.0359116,3.5912,,,,,,
all_answers,user5,Q7,missing_child_nonleaf,많이 있음,critical,5,362,0.01381215,1.3812,,,,,,
all_answers,user6,Q7,missing_child_nonleaf,없음,good,387,395,0.97974684,97.9747,,,,,,
all_answers,user6,Q7,missing_child_nonleaf,조금 있음,soft,1,395,0.00253165,0.2532,,,,,,
all_answers,user6,Q7,missing_child_nonleaf,판단불가,soft,7,395,0.01772152,1.7722,,,,,,
all_answers,user6,Q7,missing_child_nonleaf,많이 있음,critical,0,395,0,0,,,,,,
all_answers,user7,Q7,missing_child_nonleaf,없음,good,397,416,0.95432692,95.4327,,,,,,
all_answers,user7,Q7,missing_child_nonleaf,조금 있음,soft,3,416,0.00721154,0.7212,,,,,,
all_answers,user7,Q7,missing_child_nonleaf,판단불가,soft,15,416,0.03605769,3.6058,,,,,,
all_answers,user7,Q7,missing_child_nonleaf,많이 있음,critical,1,416,0.00240385,0.2404,,,,,,
all_answers,user8,Q7,missing_child_nonleaf,없음,good,341,357,0.95518207,95.5182,,,,,,
all_answers,user8,Q7,missing_child_nonleaf,조금 있음,soft,12,357,0.03361345,3.3613,,,,,,
all_answers,user8,Q7,missing_child_nonleaf,판단불가,soft,4,357,0.01120448,1.1204,,,,,,
all_answers,user8,Q7,missing_child_nonleaf,많이 있음,critical,0,357,0,0,,,,,,
all_answers,user9,Q7,missing_child_nonleaf,없음,good,344,389,0.88431877,88.4319,,,,,,
all_answers,user9,Q7,missing_child_nonleaf,조금 있음,soft,32,389,0.08226221,8.2262,,,,,,
all_answers,user9,Q7,missing_child_nonleaf,판단불가,soft,12,389,0.03084833,3.0848,,,,,,
all_answers,user9,Q7,missing_child_nonleaf,많이 있음,critical,1,389,0.00257069,0.2571,,,,,,
all_answers,user10,Q7,missing_child_nonleaf,없음,good,312,406,0.76847291,76.8473,,,,,,
all_answers,user10,Q7,missing_child_nonleaf,조금 있음,soft,77,406,0.18965517,18.9655,,,,,,
all_answers,user10,Q7,missing_child_nonleaf,판단불가,soft,5,406,0.01231527,1.2315,,,,,,
all_answers,user10,Q7,missing_child_nonleaf,많이 있음,critical,12,406,0.02955665,2.9557,,,,,,
all_answers,user11,Q7,missing_child_nonleaf,없음,good,416,432,0.96296296,96.2963,,,,,,
all_answers,user11,Q7,missing_child_nonleaf,조금 있음,soft,3,432,0.00694444,0.6944,,,,,,
all_answers,user11,Q7,missing_child_nonleaf,판단불가,soft,13,432,0.03009259,3.0093,,,,,,
all_answers,user11,Q7,missing_child_nonleaf,많이 있음,critical,0,432,0,0,,,,,,
all_answers,user12,Q7,missing_child_nonleaf,없음,good,395,406,0.9729064,97.2906,,,,,,
all_answers,user12,Q7,missing_child_nonleaf,조금 있음,soft,4,406,0.00985222,0.9852,,,,,,
all_answers,user12,Q7,missing_child_nonleaf,판단불가,soft,7,406,0.01724138,1.7241,,,,,,
all_answers,user12,Q7,missing_child_nonleaf,많이 있음,critical,0,406,0,0,,,,,,
all_answers,user13,Q7,missing_child_nonleaf,없음,good,361,370,0.97567568,97.5676,,,,,,
all_answers,user13,Q7,missing_child_nonleaf,조금 있음,soft,2,370,0.00540541,0.5405,,,,,,
all_answers,user13,Q7,missing_child_nonleaf,판단불가,soft,7,370,0.01891892,1.8919,,,,,,
all_answers,user13,Q7,missing_child_nonleaf,많이 있음,critical,0,370,0,0,,,,,,
all_answers,user14,Q7,missing_child_nonleaf,없음,good,383,439,0.87243736,87.2437,,,,,,
all_answers,user14,Q7,missing_child_nonleaf,조금 있음,soft,44,439,0.10022779,10.0228,,,,,,
all_answers,user14,Q7,missing_child_nonleaf,판단불가,soft,10,439,0.02277904,2.2779,,,,,,
all_answers,user14,Q7,missing_child_nonleaf,많이 있음,critical,2,439,0.00455581,0.4556,,,,,,
all_answers,user15,Q7,missing_child_nonleaf,없음,good,332,402,0.82587065,82.5871,,,,,,
all_answers,user15,Q7,missing_child_nonleaf,조금 있음,soft,54,402,0.13432836,13.4328,,,,,,
all_answers,user15,Q7,missing_child_nonleaf,판단불가,soft,10,402,0.02487562,2.4876,,,,,,
all_answers,user15,Q7,missing_child_nonleaf,많이 있음,critical,6,402,0.01492537,1.4925,,,,,,
all_answers,user16,Q7,missing_child_nonleaf,없음,good,407,412,0.98786408,98.7864,,,,,,
all_answers,user16,Q7,missing_child_nonleaf,조금 있음,soft,0,412,0,0,,,,,,
all_answers,user16,Q7,missing_child_nonleaf,판단불가,soft,5,412,0.01213592,1.2136,,,,,,
all_answers,user16,Q7,missing_child_nonleaf,많이 있음,critical,0,412,0,0,,,,,,
all_answers,user17,Q7,missing_child_nonleaf,없음,good,200,313,0.63897764,63.8978,,,,,,
all_answers,user17,Q7,missing_child_nonleaf,조금 있음,soft,94,313,0.30031949,30.0319,,,,,,
all_answers,user17,Q7,missing_child_nonleaf,판단불가,soft,11,313,0.03514377,3.5144,,,,,,
all_answers,user17,Q7,missing_child_nonleaf,많이 있음,critical,8,313,0.02555911,2.5559,,,,,,
all_answers,user18,Q7,missing_child_nonleaf,없음,good,392,403,0.97270471,97.2705,,,,,,
all_answers,user18,Q7,missing_child_nonleaf,조금 있음,soft,6,403,0.01488834,1.4888,,,,,,
all_answers,user18,Q7,missing_child_nonleaf,판단불가,soft,5,403,0.01240695,1.2407,,,,,,
all_answers,user18,Q7,missing_child_nonleaf,많이 있음,critical,0,403,0,0,,,,,,
all_answers,user19,Q7,missing_child_nonleaf,없음,good,436,457,0.95404814,95.4048,,,,,,
all_answers,user19,Q7,missing_child_nonleaf,조금 있음,soft,18,457,0.03938731,3.9387,,,,,,
all_answers,user19,Q7,missing_child_nonleaf,판단불가,soft,1,457,0.00218818,0.2188,,,,,,
all_answers,user19,Q7,missing_child_nonleaf,많이 있음,critical,2,457,0.00437637,0.4376,,,,,,
all_answers,user20,Q7,missing_child_nonleaf,없음,good,371,389,0.95372751,95.3728,,,,,,
all_answers,user20,Q7,missing_child_nonleaf,조금 있음,soft,3,389,0.00771208,0.7712,,,,,,
all_answers,user20,Q7,missing_child_nonleaf,판단불가,soft,15,389,0.03856041,3.856,,,,,,
all_answers,user20,Q7,missing_child_nonleaf,많이 있음,critical,0,389,0,0,,,,,,
all_answers,user1,Q8,leaf_stop,예,good,752,855,0.87953216,87.9532,,,,,,
all_answers,user1,Q8,leaf_stop,판단불가,soft,73,855,0.08538012,8.538,,,,,,
all_answers,user1,Q8,leaf_stop,아니오,critical,30,855,0.03508772,3.5088,,,,,,
all_answers,user2,Q8,leaf_stop,예,good,778,875,0.88914286,88.9143,,,,,,
all_answers,user2,Q8,leaf_stop,판단불가,soft,92,875,0.10514286,10.5143,,,,,,
all_answers,user2,Q8,leaf_stop,아니오,critical,5,875,0.00571429,0.5714,,,,,,
all_answers,user3,Q8,leaf_stop,예,good,789,861,0.91637631,91.6376,,,,,,
all_answers,user3,Q8,leaf_stop,판단불가,soft,59,861,0.06852497,6.8525,,,,,,
all_answers,user3,Q8,leaf_stop,아니오,critical,13,861,0.01509872,1.5099,,,,,,
all_answers,user4,Q8,leaf_stop,예,good,804,943,0.85259809,85.2598,,,,,,
all_answers,user4,Q8,leaf_stop,판단불가,soft,112,943,0.11876988,11.877,,,,,,
all_answers,user4,Q8,leaf_stop,아니오,critical,27,943,0.02863203,2.8632,,,,,,
all_answers,user5,Q8,leaf_stop,예,good,709,795,0.8918239,89.1824,,,,,,
all_answers,user5,Q8,leaf_stop,판단불가,soft,78,795,0.09811321,9.8113,,,,,,
all_answers,user5,Q8,leaf_stop,아니오,critical,8,795,0.01006289,1.0063,,,,,,
all_answers,user6,Q8,leaf_stop,예,good,811,893,0.90817469,90.8175,,,,,,
all_answers,user6,Q8,leaf_stop,판단불가,soft,81,893,0.09070549,9.0705,,,,,,
all_answers,user6,Q8,leaf_stop,아니오,critical,1,893,0.00111982,0.112,,,,,,
all_answers,user7,Q8,leaf_stop,예,good,838,944,0.88771186,88.7712,,,,,,
all_answers,user7,Q8,leaf_stop,판단불가,soft,101,944,0.10699153,10.6992,,,,,,
all_answers,user7,Q8,leaf_stop,아니오,critical,5,944,0.00529661,0.5297,,,,,,
all_answers,user8,Q8,leaf_stop,예,good,716,767,0.93350717,93.3507,,,,,,
all_answers,user8,Q8,leaf_stop,판단불가,soft,43,767,0.05606258,5.6063,,,,,,
all_answers,user8,Q8,leaf_stop,아니오,critical,8,767,0.01043025,1.043,,,,,,
all_answers,user9,Q8,leaf_stop,예,good,800,867,0.92272203,92.2722,,,,,,
all_answers,user9,Q8,leaf_stop,판단불가,soft,58,867,0.06689735,6.6897,,,,,,
all_answers,user9,Q8,leaf_stop,아니오,critical,9,867,0.01038062,1.0381,,,,,,
all_answers,user10,Q8,leaf_stop,예,good,732,836,0.87559809,87.5598,,,,,,
all_answers,user10,Q8,leaf_stop,판단불가,soft,67,836,0.08014354,8.0144,,,,,,
all_answers,user10,Q8,leaf_stop,아니오,critical,37,836,0.04425837,4.4258,,,,,,
all_answers,user11,Q8,leaf_stop,예,good,813,979,0.83043922,83.0439,,,,,,
all_answers,user11,Q8,leaf_stop,판단불가,soft,163,979,0.16649642,16.6496,,,,,,
all_answers,user11,Q8,leaf_stop,아니오,critical,3,979,0.00306435,0.3064,,,,,,
all_answers,user12,Q8,leaf_stop,예,good,828,898,0.922049,92.2049,,,,,,
all_answers,user12,Q8,leaf_stop,판단불가,soft,69,898,0.07683742,7.6837,,,,,,
all_answers,user12,Q8,leaf_stop,아니오,critical,1,898,0.00111359,0.1114,,,,,,
all_answers,user13,Q8,leaf_stop,예,good,760,822,0.92457421,92.4574,,,,,,
all_answers,user13,Q8,leaf_stop,판단불가,soft,61,822,0.07420925,7.4209,,,,,,
all_answers,user13,Q8,leaf_stop,아니오,critical,1,822,0.00121655,0.1217,,,,,,
all_answers,user14,Q8,leaf_stop,예,good,844,943,0.89501591,89.5016,,,,,,
all_answers,user14,Q8,leaf_stop,판단불가,soft,89,943,0.09437964,9.438,,,,,,
all_answers,user14,Q8,leaf_stop,아니오,critical,10,943,0.01060445,1.0604,,,,,,
all_answers,user15,Q8,leaf_stop,예,good,806,894,0.901566,90.1566,,,,,,
all_answers,user15,Q8,leaf_stop,판단불가,soft,62,894,0.06935123,6.9351,,,,,,
all_answers,user15,Q8,leaf_stop,아니오,critical,26,894,0.02908277,2.9083,,,,,,
all_answers,user16,Q8,leaf_stop,예,good,841,853,0.985932,98.5932,,,,,,
all_answers,user16,Q8,leaf_stop,판단불가,soft,12,853,0.014068,1.4068,,,,,,
all_answers,user16,Q8,leaf_stop,아니오,critical,0,853,0,0,,,,,,
all_answers,user17,Q8,leaf_stop,예,good,621,735,0.84489796,84.4898,,,,,,
all_answers,user17,Q8,leaf_stop,판단불가,soft,84,735,0.11428571,11.4286,,,,,,
all_answers,user17,Q8,leaf_stop,아니오,critical,30,735,0.04081633,4.0816,,,,,,
all_answers,user18,Q8,leaf_stop,예,good,885,941,0.94048884,94.0489,,,,,,
all_answers,user18,Q8,leaf_stop,판단불가,soft,51,941,0.05419766,5.4198,,,,,,
all_answers,user18,Q8,leaf_stop,아니오,critical,5,941,0.0053135,0.5313,,,,,,
all_answers,user19,Q8,leaf_stop,예,good,974,1003,0.97108674,97.1087,,,,,,
all_answers,user19,Q8,leaf_stop,판단불가,soft,7,1003,0.00697906,0.6979,,,,,,
all_answers,user19,Q8,leaf_stop,아니오,critical,22,1003,0.0219342,2.1934,,,,,,
all_answers,user20,Q8,leaf_stop,예,good,686,805,0.85217391,85.2174,,,,,,
all_answers,user20,Q8,leaf_stop,판단불가,soft,118,805,0.14658385,14.6584,,,,,,
all_answers,user20,Q8,leaf_stop,아니오,critical,1,805,0.00124224,0.1242,,,,,,
q1_yes_only,user1,Q2,mask_missing,모두 포함함,good,821,1134,0.72398589,72.3986,,,,,,
q1_yes_only,user1,Q2,mask_missing,약간 놓침,soft,213,1134,0.18783069,18.7831,,,,,,
q1_yes_only,user1,Q2,mask_missing,판단불가,soft,6,1134,0.00529101,0.5291,,,,,,
q1_yes_only,user1,Q2,mask_missing,많이 놓침,critical,94,1134,0.08289242,8.2892,,,,,,
q1_yes_only,user2,Q2,mask_missing,모두 포함함,good,751,1150,0.65304348,65.3043,,,,,,
q1_yes_only,user2,Q2,mask_missing,약간 놓침,soft,241,1150,0.20956522,20.9565,,,,,,
q1_yes_only,user2,Q2,mask_missing,판단불가,soft,4,1150,0.00347826,0.3478,,,,,,
q1_yes_only,user2,Q2,mask_missing,많이 놓침,critical,154,1150,0.13391304,13.3913,,,,,,
q1_yes_only,user3,Q2,mask_missing,모두 포함함,good,847,1180,0.71779661,71.7797,,,,,,
q1_yes_only,user3,Q2,mask_missing,약간 놓침,soft,248,1180,0.21016949,21.0169,,,,,,
q1_yes_only,user3,Q2,mask_missing,판단불가,soft,3,1180,0.00254237,0.2542,,,,,,
q1_yes_only,user3,Q2,mask_missing,많이 놓침,critical,82,1180,0.06949153,6.9492,,,,,,
q1_yes_only,user4,Q2,mask_missing,모두 포함함,good,828,1237,0.66936136,66.9361,,,,,,
q1_yes_only,user4,Q2,mask_missing,약간 놓침,soft,269,1237,0.2174616,21.7462,,,,,,
q1_yes_only,user4,Q2,mask_missing,판단불가,soft,1,1237,0.00080841,0.0808,,,,,,
q1_yes_only,user4,Q2,mask_missing,많이 놓침,critical,139,1237,0.11236863,11.2369,,,,,,
q1_yes_only,user5,Q2,mask_missing,모두 포함함,good,793,1069,0.74181478,74.1815,,,,,,
q1_yes_only,user5,Q2,mask_missing,약간 놓침,soft,136,1069,0.1272217,12.7222,,,,,,
q1_yes_only,user5,Q2,mask_missing,판단불가,soft,3,1069,0.00280636,0.2806,,,,,,
q1_yes_only,user5,Q2,mask_missing,많이 놓침,critical,137,1069,0.12815716,12.8157,,,,,,
q1_yes_only,user6,Q2,mask_missing,모두 포함함,good,971,1200,0.80916667,80.9167,,,,,,
q1_yes_only,user6,Q2,mask_missing,약간 놓침,soft,143,1200,0.11916667,11.9167,,,,,,
q1_yes_only,user6,Q2,mask_missing,판단불가,soft,3,1200,0.0025,0.25,,,,,,
q1_yes_only,user6,Q2,mask_missing,많이 놓침,critical,83,1200,0.06916667,6.9167,,,,,,
q1_yes_only,user7,Q2,mask_missing,모두 포함함,good,944,1240,0.76129032,76.129,,,,,,
q1_yes_only,user7,Q2,mask_missing,약간 놓침,soft,206,1240,0.16612903,16.6129,,,,,,
q1_yes_only,user7,Q2,mask_missing,판단불가,soft,0,1240,0,0,,,,,,
q1_yes_only,user7,Q2,mask_missing,많이 놓침,critical,90,1240,0.07258065,7.2581,,,,,,
q1_yes_only,user8,Q2,mask_missing,모두 포함함,good,791,1077,0.73444754,73.4448,,,,,,
q1_yes_only,user8,Q2,mask_missing,약간 놓침,soft,182,1077,0.16898793,16.8988,,,,,,
q1_yes_only,user8,Q2,mask_missing,판단불가,soft,1,1077,0.00092851,0.0929,,,,,,
q1_yes_only,user8,Q2,mask_missing,많이 놓침,critical,103,1077,0.09563603,9.5636,,,,,,
q1_yes_only,user9,Q2,mask_missing,모두 포함함,good,867,1188,0.72979798,72.9798,,,,,,
q1_yes_only,user9,Q2,mask_missing,약간 놓침,soft,252,1188,0.21212121,21.2121,,,,,,
q1_yes_only,user9,Q2,mask_missing,판단불가,soft,0,1188,0,0,,,,,,
q1_yes_only,user9,Q2,mask_missing,많이 놓침,critical,69,1188,0.05808081,5.8081,,,,,,
q1_yes_only,user10,Q2,mask_missing,모두 포함함,good,785,1169,0.67151411,67.1514,,,,,,
q1_yes_only,user10,Q2,mask_missing,약간 놓침,soft,205,1169,0.17536356,17.5364,,,,,,
q1_yes_only,user10,Q2,mask_missing,판단불가,soft,2,1169,0.00171086,0.1711,,,,,,
q1_yes_only,user10,Q2,mask_missing,많이 놓침,critical,177,1169,0.15141146,15.1411,,,,,,
q1_yes_only,user11,Q2,mask_missing,모두 포함함,good,897,1234,0.72690438,72.6904,,,,,,
q1_yes_only,user11,Q2,mask_missing,약간 놓침,soft,242,1234,0.19611021,19.611,,,,,,
q1_yes_only,user11,Q2,mask_missing,판단불가,soft,0,1234,0,0,,,,,,
q1_yes_only,user11,Q2,mask_missing,많이 놓침,critical,95,1234,0.07698541,7.6985,,,,,,
q1_yes_only,user12,Q2,mask_missing,모두 포함함,good,915,1229,0.74450773,74.4508,,,,,,
q1_yes_only,user12,Q2,mask_missing,약간 놓침,soft,252,1229,0.20504475,20.5045,,,,,,
q1_yes_only,user12,Q2,mask_missing,판단불가,soft,0,1229,0,0,,,,,,
q1_yes_only,user12,Q2,mask_missing,많이 놓침,critical,62,1229,0.05044752,5.0448,,,,,,
q1_yes_only,user13,Q2,mask_missing,모두 포함함,good,882,1125,0.784,78.4,,,,,,
q1_yes_only,user13,Q2,mask_missing,약간 놓침,soft,141,1125,0.12533333,12.5333,,,,,,
q1_yes_only,user13,Q2,mask_missing,판단불가,soft,2,1125,0.00177778,0.1778,,,,,,
q1_yes_only,user13,Q2,mask_missing,많이 놓침,critical,100,1125,0.08888889,8.8889,,,,,,
q1_yes_only,user14,Q2,mask_missing,모두 포함함,good,911,1284,0.70950156,70.9502,,,,,,
q1_yes_only,user14,Q2,mask_missing,약간 놓침,soft,249,1284,0.19392523,19.3925,,,,,,
q1_yes_only,user14,Q2,mask_missing,판단불가,soft,1,1284,0.00077882,0.0779,,,,,,
q1_yes_only,user14,Q2,mask_missing,많이 놓침,critical,123,1284,0.09579439,9.5794,,,,,,
q1_yes_only,user15,Q2,mask_missing,모두 포함함,good,861,1219,0.70631665,70.6317,,,,,,
q1_yes_only,user15,Q2,mask_missing,약간 놓침,soft,218,1219,0.17883511,17.8835,,,,,,
q1_yes_only,user15,Q2,mask_missing,판단불가,soft,1,1219,0.00082034,0.082,,,,,,
q1_yes_only,user15,Q2,mask_missing,많이 놓침,critical,139,1219,0.11402789,11.4028,,,,,,
q1_yes_only,user16,Q2,mask_missing,모두 포함함,good,805,1165,0.69098712,69.0987,,,,,,
q1_yes_only,user16,Q2,mask_missing,약간 놓침,soft,235,1165,0.20171674,20.1717,,,,,,
q1_yes_only,user16,Q2,mask_missing,판단불가,soft,1,1165,0.00085837,0.0858,,,,,,
q1_yes_only,user16,Q2,mask_missing,많이 놓침,critical,124,1165,0.10643777,10.6438,,,,,,
q1_yes_only,user17,Q2,mask_missing,모두 포함함,good,629,954,0.65932914,65.9329,,,,,,
q1_yes_only,user17,Q2,mask_missing,약간 놓침,soft,130,954,0.13626834,13.6268,,,,,,
q1_yes_only,user17,Q2,mask_missing,판단불가,soft,0,954,0,0,,,,,,
q1_yes_only,user17,Q2,mask_missing,많이 놓침,critical,195,954,0.20440252,20.4403,,,,,,
q1_yes_only,user18,Q2,mask_missing,모두 포함함,good,1025,1288,0.79580745,79.5807,,,,,,
q1_yes_only,user18,Q2,mask_missing,약간 놓침,soft,184,1288,0.14285714,14.2857,,,,,,
q1_yes_only,user18,Q2,mask_missing,판단불가,soft,0,1288,0,0,,,,,,
q1_yes_only,user18,Q2,mask_missing,많이 놓침,critical,79,1288,0.0613354,6.1335,,,,,,
q1_yes_only,user19,Q2,mask_missing,모두 포함함,good,871,1379,0.63161711,63.1617,,,,,,
q1_yes_only,user19,Q2,mask_missing,약간 놓침,soft,406,1379,0.29441624,29.4416,,,,,,
q1_yes_only,user19,Q2,mask_missing,판단불가,soft,3,1379,0.00217549,0.2175,,,,,,
q1_yes_only,user19,Q2,mask_missing,많이 놓침,critical,99,1379,0.07179115,7.1791,,,,,,
q1_yes_only,user20,Q2,mask_missing,모두 포함함,good,728,1062,0.68549906,68.5499,,,,,,
q1_yes_only,user20,Q2,mask_missing,약간 놓침,soft,243,1062,0.22881356,22.8814,,,,,,
q1_yes_only,user20,Q2,mask_missing,판단불가,soft,1,1062,0.00094162,0.0942,,,,,,
q1_yes_only,user20,Q2,mask_missing,많이 놓침,critical,90,1062,0.08474576,8.4746,,,,,,
q1_yes_only,user1,Q3,mask_extra,포함하지 않음,good,979,1134,0.8633157,86.3316,,,,,,
q1_yes_only,user1,Q3,mask_extra,약간 포함,soft,128,1134,0.11287478,11.2875,,,,,,
q1_yes_only,user1,Q3,mask_extra,판단불가,soft,11,1134,0.00970018,0.97,,,,,,
q1_yes_only,user1,Q3,mask_extra,많이 포함,critical,16,1134,0.01410935,1.4109,,,,,,
q1_yes_only,user2,Q3,mask_extra,포함하지 않음,good,1018,1150,0.88521739,88.5217,,,,,,
q1_yes_only,user2,Q3,mask_extra,약간 포함,soft,100,1150,0.08695652,8.6957,,,,,,
q1_yes_only,user2,Q3,mask_extra,판단불가,soft,4,1150,0.00347826,0.3478,,,,,,
q1_yes_only,user2,Q3,mask_extra,많이 포함,critical,28,1150,0.02434783,2.4348,,,,,,
q1_yes_only,user3,Q3,mask_extra,포함하지 않음,good,1053,1180,0.89237288,89.2373,,,,,,
q1_yes_only,user3,Q3,mask_extra,약간 포함,soft,109,1180,0.09237288,9.2373,,,,,,
q1_yes_only,user3,Q3,mask_extra,판단불가,soft,2,1180,0.00169492,0.1695,,,,,,
q1_yes_only,user3,Q3,mask_extra,많이 포함,critical,16,1180,0.01355932,1.3559,,,,,,
q1_yes_only,user4,Q3,mask_extra,포함하지 않음,good,1044,1237,0.84397736,84.3977,,,,,,
q1_yes_only,user4,Q3,mask_extra,약간 포함,soft,132,1237,0.10670978,10.671,,,,,,
q1_yes_only,user4,Q3,mask_extra,판단불가,soft,5,1237,0.00404204,0.4042,,,,,,
q1_yes_only,user4,Q3,mask_extra,많이 포함,critical,56,1237,0.04527082,4.5271,,,,,,
q1_yes_only,user5,Q3,mask_extra,포함하지 않음,good,914,1069,0.85500468,85.5005,,,,,,
q1_yes_only,user5,Q3,mask_extra,약간 포함,soft,97,1069,0.09073901,9.0739,,,,,,
q1_yes_only,user5,Q3,mask_extra,판단불가,soft,4,1069,0.00374181,0.3742,,,,,,
q1_yes_only,user5,Q3,mask_extra,많이 포함,critical,54,1069,0.0505145,5.0514,,,,,,
q1_yes_only,user6,Q3,mask_extra,포함하지 않음,good,1104,1200,0.92,92,,,,,,
q1_yes_only,user6,Q3,mask_extra,약간 포함,soft,82,1200,0.06833333,6.8333,,,,,,
q1_yes_only,user6,Q3,mask_extra,판단불가,soft,0,1200,0,0,,,,,,
q1_yes_only,user6,Q3,mask_extra,많이 포함,critical,14,1200,0.01166667,1.1667,,,,,,
q1_yes_only,user7,Q3,mask_extra,포함하지 않음,good,1115,1240,0.89919355,89.9194,,,,,,
q1_yes_only,user7,Q3,mask_extra,약간 포함,soft,106,1240,0.08548387,8.5484,,,,,,
q1_yes_only,user7,Q3,mask_extra,판단불가,soft,1,1240,0.00080645,0.0806,,,,,,
q1_yes_only,user7,Q3,mask_extra,많이 포함,critical,18,1240,0.01451613,1.4516,,,,,,
q1_yes_only,user8,Q3,mask_extra,포함하지 않음,good,1012,1077,0.93964717,93.9647,,,,,,
q1_yes_only,user8,Q3,mask_extra,약간 포함,soft,61,1077,0.05663881,5.6639,,,,,,
q1_yes_only,user8,Q3,mask_extra,판단불가,soft,1,1077,0.00092851,0.0929,,,,,,
q1_yes_only,user8,Q3,mask_extra,많이 포함,critical,3,1077,0.00278552,0.2786,,,,,,
q1_yes_only,user9,Q3,mask_extra,포함하지 않음,good,1020,1188,0.85858586,85.8586,,,,,,
q1_yes_only,user9,Q3,mask_extra,약간 포함,soft,149,1188,0.12542088,12.5421,,,,,,
q1_yes_only,user9,Q3,mask_extra,판단불가,soft,0,1188,0,0,,,,,,
q1_yes_only,user9,Q3,mask_extra,많이 포함,critical,19,1188,0.01599327,1.5993,,,,,,
q1_yes_only,user10,Q3,mask_extra,포함하지 않음,good,1041,1169,0.8905047,89.0505,,,,,,
q1_yes_only,user10,Q3,mask_extra,약간 포함,soft,100,1169,0.0855432,8.5543,,,,,,
q1_yes_only,user10,Q3,mask_extra,판단불가,soft,6,1169,0.00513259,0.5133,,,,,,
q1_yes_only,user10,Q3,mask_extra,많이 포함,critical,22,1169,0.0188195,1.882,,,,,,
q1_yes_only,user11,Q3,mask_extra,포함하지 않음,good,1108,1234,0.89789303,89.7893,,,,,,
q1_yes_only,user11,Q3,mask_extra,약간 포함,soft,95,1234,0.07698541,7.6985,,,,,,
q1_yes_only,user11,Q3,mask_extra,판단불가,soft,0,1234,0,0,,,,,,
q1_yes_only,user11,Q3,mask_extra,많이 포함,critical,31,1234,0.02512156,2.5122,,,,,,
q1_yes_only,user12,Q3,mask_extra,포함하지 않음,good,1064,1229,0.86574451,86.5745,,,,,,
q1_yes_only,user12,Q3,mask_extra,약간 포함,soft,138,1229,0.11228641,11.2286,,,,,,
q1_yes_only,user12,Q3,mask_extra,판단불가,soft,0,1229,0,0,,,,,,
q1_yes_only,user12,Q3,mask_extra,많이 포함,critical,27,1229,0.02196908,2.1969,,,,,,
q1_yes_only,user13,Q3,mask_extra,포함하지 않음,good,1028,1125,0.91377778,91.3778,,,,,,
q1_yes_only,user13,Q3,mask_extra,약간 포함,soft,64,1125,0.05688889,5.6889,,,,,,
q1_yes_only,user13,Q3,mask_extra,판단불가,soft,1,1125,0.00088889,0.0889,,,,,,
q1_yes_only,user13,Q3,mask_extra,많이 포함,critical,32,1125,0.02844444,2.8444,,,,,,
q1_yes_only,user14,Q3,mask_extra,포함하지 않음,good,1155,1284,0.89953271,89.9533,,,,,,
q1_yes_only,user14,Q3,mask_extra,약간 포함,soft,113,1284,0.08800623,8.8006,,,,,,
q1_yes_only,user14,Q3,mask_extra,판단불가,soft,0,1284,0,0,,,,,,
q1_yes_only,user14,Q3,mask_extra,많이 포함,critical,16,1284,0.01246106,1.2461,,,,,,
q1_yes_only,user15,Q3,mask_extra,포함하지 않음,good,1033,1219,0.84741591,84.7416,,,,,,
q1_yes_only,user15,Q3,mask_extra,약간 포함,soft,166,1219,0.13617719,13.6177,,,,,,
q1_yes_only,user15,Q3,mask_extra,판단불가,soft,3,1219,0.00246103,0.2461,,,,,,
q1_yes_only,user15,Q3,mask_extra,많이 포함,critical,17,1219,0.01394586,1.3946,,,,,,
q1_yes_only,user16,Q3,mask_extra,포함하지 않음,good,1047,1165,0.89871245,89.8712,,,,,,
q1_yes_only,user16,Q3,mask_extra,약간 포함,soft,83,1165,0.07124464,7.1245,,,,,,
q1_yes_only,user16,Q3,mask_extra,판단불가,soft,0,1165,0,0,,,,,,
q1_yes_only,user16,Q3,mask_extra,많이 포함,critical,35,1165,0.03004292,3.0043,,,,,,
q1_yes_only,user17,Q3,mask_extra,포함하지 않음,good,773,954,0.81027254,81.0273,,,,,,
q1_yes_only,user17,Q3,mask_extra,약간 포함,soft,89,954,0.0932914,9.3291,,,,,,
q1_yes_only,user17,Q3,mask_extra,판단불가,soft,1,954,0.00104822,0.1048,,,,,,
q1_yes_only,user17,Q3,mask_extra,많이 포함,critical,91,954,0.09538784,9.5388,,,,,,
q1_yes_only,user18,Q3,mask_extra,포함하지 않음,good,1207,1288,0.9371118,93.7112,,,,,,
q1_yes_only,user18,Q3,mask_extra,약간 포함,soft,65,1288,0.05046584,5.0466,,,,,,
q1_yes_only,user18,Q3,mask_extra,판단불가,soft,0,1288,0,0,,,,,,
q1_yes_only,user18,Q3,mask_extra,많이 포함,critical,16,1288,0.01242236,1.2422,,,,,,
q1_yes_only,user19,Q3,mask_extra,포함하지 않음,good,1176,1379,0.85279188,85.2792,,,,,,
q1_yes_only,user19,Q3,mask_extra,약간 포함,soft,171,1379,0.1240029,12.4003,,,,,,
q1_yes_only,user19,Q3,mask_extra,판단불가,soft,3,1379,0.00217549,0.2175,,,,,,
q1_yes_only,user19,Q3,mask_extra,많이 포함,critical,29,1379,0.02102973,2.103,,,,,,
q1_yes_only,user20,Q3,mask_extra,포함하지 않음,good,934,1062,0.87947269,87.9473,,,,,,
q1_yes_only,user20,Q3,mask_extra,약간 포함,soft,102,1062,0.0960452,9.6045,,,,,,
q1_yes_only,user20,Q3,mask_extra,판단불가,soft,1,1062,0.00094162,0.0942,,,,,,
q1_yes_only,user20,Q3,mask_extra,많이 포함,critical,25,1062,0.02354049,2.354,,,,,,
q1_yes_only,user1,Q4,instance_separation,정확,good,948,1134,0.83597884,83.5979,,,,,,
q1_yes_only,user1,Q4,instance_separation,수용 가능,soft,115,1134,0.10141093,10.1411,,,,,,
q1_yes_only,user1,Q4,instance_separation,판단불가,soft,15,1134,0.01322751,1.3228,,,,,,
q1_yes_only,user1,Q4,instance_separation,부정확,critical,55,1134,0.04850088,4.8501,,,,,,
q1_yes_only,user1,Q4,instance_separation,실패,critical,1,1134,0.00088183,0.0882,,,,,,
q1_yes_only,user2,Q4,instance_separation,정확,good,1071,1150,0.93130435,93.1304,,,,,,
q1_yes_only,user2,Q4,instance_separation,수용 가능,soft,68,1150,0.05913043,5.913,,,,,,
q1_yes_only,user2,Q4,instance_separation,판단불가,soft,1,1150,0.00086957,0.087,,,,,,
q1_yes_only,user2,Q4,instance_separation,부정확,critical,7,1150,0.00608696,0.6087,,,,,,
q1_yes_only,user2,Q4,instance_separation,실패,critical,3,1150,0.0026087,0.2609,,,,,,
q1_yes_only,user3,Q4,instance_separation,정확,good,1154,1180,0.9779661,97.7966,,,,,,
q1_yes_only,user3,Q4,instance_separation,수용 가능,soft,20,1180,0.01694915,1.6949,,,,,,
q1_yes_only,user3,Q4,instance_separation,판단불가,soft,0,1180,0,0,,,,,,
q1_yes_only,user3,Q4,instance_separation,부정확,critical,6,1180,0.00508475,0.5085,,,,,,
q1_yes_only,user3,Q4,instance_separation,실패,critical,0,1180,0,0,,,,,,
q1_yes_only,user4,Q4,instance_separation,정확,good,956,1237,0.77283751,77.2838,,,,,,
q1_yes_only,user4,Q4,instance_separation,수용 가능,soft,195,1237,0.15763945,15.7639,,,,,,
q1_yes_only,user4,Q4,instance_separation,판단불가,soft,2,1237,0.00161681,0.1617,,,,,,
q1_yes_only,user4,Q4,instance_separation,부정확,critical,76,1237,0.06143897,6.1439,,,,,,
q1_yes_only,user4,Q4,instance_separation,실패,critical,8,1237,0.00646726,0.6467,,,,,,
q1_yes_only,user5,Q4,instance_separation,정확,good,959,1069,0.89710009,89.71,,,,,,
q1_yes_only,user5,Q4,instance_separation,수용 가능,soft,63,1069,0.05893358,5.8934,,,,,,
q1_yes_only,user5,Q4,instance_separation,판단불가,soft,2,1069,0.00187091,0.1871,,,,,,
q1_yes_only,user5,Q4,instance_separation,부정확,critical,39,1069,0.03648269,3.6483,,,,,,
q1_yes_only,user5,Q4,instance_separation,실패,critical,6,1069,0.00561272,0.5613,,,,,,
q1_yes_only,user6,Q4,instance_separation,정확,good,1169,1200,0.97416667,97.4167,,,,,,
q1_yes_only,user6,Q4,instance_separation,수용 가능,soft,20,1200,0.01666667,1.6667,,,,,,
q1_yes_only,user6,Q4,instance_separation,판단불가,soft,3,1200,0.0025,0.25,,,,,,
q1_yes_only,user6,Q4,instance_separation,부정확,critical,7,1200,0.00583333,0.5833,,,,,,
q1_yes_only,user6,Q4,instance_separation,실패,critical,1,1200,0.00083333,0.0833,,,,,,
q1_yes_only,user7,Q4,instance_separation,정확,good,1182,1240,0.95322581,95.3226,,,,,,
q1_yes_only,user7,Q4,instance_separation,수용 가능,soft,36,1240,0.02903226,2.9032,,,,,,
q1_yes_only,user7,Q4,instance_separation,판단불가,soft,0,1240,0,0,,,,,,
q1_yes_only,user7,Q4,instance_separation,부정확,critical,22,1240,0.01774194,1.7742,,,,,,
q1_yes_only,user7,Q4,instance_separation,실패,critical,0,1240,0,0,,,,,,
q1_yes_only,user8,Q4,instance_separation,정확,good,1059,1077,0.98328691,98.3287,,,,,,
q1_yes_only,user8,Q4,instance_separation,수용 가능,soft,10,1077,0.00928505,0.9285,,,,,,
q1_yes_only,user8,Q4,instance_separation,판단불가,soft,0,1077,0,0,,,,,,
q1_yes_only,user8,Q4,instance_separation,부정확,critical,8,1077,0.00742804,0.7428,,,,,,
q1_yes_only,user8,Q4,instance_separation,실패,critical,0,1077,0,0,,,,,,
q1_yes_only,user9,Q4,instance_separation,정확,good,1074,1188,0.9040404,90.404,,,,,,
q1_yes_only,user9,Q4,instance_separation,수용 가능,soft,102,1188,0.08585859,8.5859,,,,,,
q1_yes_only,user9,Q4,instance_separation,판단불가,soft,0,1188,0,0,,,,,,
q1_yes_only,user9,Q4,instance_separation,부정확,critical,12,1188,0.01010101,1.0101,,,,,,
q1_yes_only,user9,Q4,instance_separation,실패,critical,0,1188,0,0,,,,,,
q1_yes_only,user10,Q4,instance_separation,정확,good,1153,1169,0.98631309,98.6313,,,,,,
q1_yes_only,user10,Q4,instance_separation,수용 가능,soft,8,1169,0.00684346,0.6843,,,,,,
q1_yes_only,user10,Q4,instance_separation,판단불가,soft,0,1169,0,0,,,,,,
q1_yes_only,user10,Q4,instance_separation,부정확,critical,7,1169,0.00598802,0.5988,,,,,,
q1_yes_only,user10,Q4,instance_separation,실패,critical,1,1169,0.00085543,0.0855,,,,,,
q1_yes_only,user11,Q4,instance_separation,정확,good,1077,1234,0.87277147,87.2771,,,,,,
q1_yes_only,user11,Q4,instance_separation,수용 가능,soft,137,1234,0.11102107,11.1021,,,,,,
q1_yes_only,user11,Q4,instance_separation,판단불가,soft,2,1234,0.00162075,0.1621,,,,,,
q1_yes_only,user11,Q4,instance_separation,부정확,critical,18,1234,0.01458671,1.4587,,,,,,
q1_yes_only,user11,Q4,instance_separation,실패,critical,0,1234,0,0,,,,,,
q1_yes_only,user12,Q4,instance_separation,정확,good,1077,1229,0.87632221,87.6322,,,,,,
q1_yes_only,user12,Q4,instance_separation,수용 가능,soft,132,1229,0.10740439,10.7404,,,,,,
q1_yes_only,user12,Q4,instance_separation,판단불가,soft,2,1229,0.00162734,0.1627,,,,,,
q1_yes_only,user12,Q4,instance_separation,부정확,critical,18,1229,0.01464605,1.4646,,,,,,
q1_yes_only,user12,Q4,instance_separation,실패,critical,0,1229,0,0,,,,,,
q1_yes_only,user13,Q4,instance_separation,정확,good,1119,1125,0.99466667,99.4667,,,,,,
q1_yes_only,user13,Q4,instance_separation,수용 가능,soft,3,1125,0.00266667,0.2667,,,,,,
q1_yes_only,user13,Q4,instance_separation,판단불가,soft,0,1125,0,0,,,,,,
q1_yes_only,user13,Q4,instance_separation,부정확,critical,2,1125,0.00177778,0.1778,,,,,,
q1_yes_only,user13,Q4,instance_separation,실패,critical,1,1125,0.00088889,0.0889,,,,,,
q1_yes_only,user14,Q4,instance_separation,정확,good,1277,1284,0.99454829,99.4548,,,,,,
q1_yes_only,user14,Q4,instance_separation,수용 가능,soft,3,1284,0.00233645,0.2336,,,,,,
q1_yes_only,user14,Q4,instance_separation,판단불가,soft,1,1284,0.00077882,0.0779,,,,,,
q1_yes_only,user14,Q4,instance_separation,부정확,critical,2,1284,0.00155763,0.1558,,,,,,
q1_yes_only,user14,Q4,instance_separation,실패,critical,1,1284,0.00077882,0.0779,,,,,,
q1_yes_only,user15,Q4,instance_separation,정확,good,1162,1219,0.95324036,95.324,,,,,,
q1_yes_only,user15,Q4,instance_separation,수용 가능,soft,17,1219,0.01394586,1.3946,,,,,,
q1_yes_only,user15,Q4,instance_separation,판단불가,soft,1,1219,0.00082034,0.082,,,,,,
q1_yes_only,user15,Q4,instance_separation,부정확,critical,29,1219,0.02378999,2.379,,,,,,
q1_yes_only,user15,Q4,instance_separation,실패,critical,10,1219,0.00820345,0.8203,,,,,,
q1_yes_only,user16,Q4,instance_separation,정확,good,981,1165,0.84206009,84.206,,,,,,
q1_yes_only,user16,Q4,instance_separation,수용 가능,soft,122,1165,0.10472103,10.4721,,,,,,
q1_yes_only,user16,Q4,instance_separation,판단불가,soft,1,1165,0.00085837,0.0858,,,,,,
q1_yes_only,user16,Q4,instance_separation,부정확,critical,59,1165,0.05064378,5.0644,,,,,,
q1_yes_only,user16,Q4,instance_separation,실패,critical,2,1165,0.00171674,0.1717,,,,,,
q1_yes_only,user17,Q4,instance_separation,정확,good,728,954,0.76310273,76.3103,,,,,,
q1_yes_only,user17,Q4,instance_separation,수용 가능,soft,106,954,0.11111111,11.1111,,,,,,
q1_yes_only,user17,Q4,instance_separation,판단불가,soft,1,954,0.00104822,0.1048,,,,,,
q1_yes_only,user17,Q4,instance_separation,부정확,critical,95,954,0.09958071,9.9581,,,,,,
q1_yes_only,user17,Q4,instance_separation,실패,critical,24,954,0.02515723,2.5157,,,,,,
q1_yes_only,user18,Q4,instance_separation,정확,good,1272,1288,0.98757764,98.7578,,,,,,
q1_yes_only,user18,Q4,instance_separation,수용 가능,soft,9,1288,0.00698758,0.6988,,,,,,
q1_yes_only,user18,Q4,instance_separation,판단불가,soft,0,1288,0,0,,,,,,
q1_yes_only,user18,Q4,instance_separation,부정확,critical,5,1288,0.00388199,0.3882,,,,,,
q1_yes_only,user18,Q4,instance_separation,실패,critical,2,1288,0.0015528,0.1553,,,,,,
q1_yes_only,user19,Q4,instance_separation,정확,good,1326,1379,0.96156635,96.1566,,,,,,
q1_yes_only,user19,Q4,instance_separation,수용 가능,soft,35,1379,0.02538071,2.5381,,,,,,
q1_yes_only,user19,Q4,instance_separation,판단불가,soft,1,1379,0.00072516,0.0725,,,,,,
q1_yes_only,user19,Q4,instance_separation,부정확,critical,17,1379,0.01232777,1.2328,,,,,,
q1_yes_only,user19,Q4,instance_separation,실패,critical,0,1379,0,0,,,,,,
q1_yes_only,user20,Q4,instance_separation,정확,good,876,1062,0.82485876,82.4859,,,,,,
q1_yes_only,user20,Q4,instance_separation,수용 가능,soft,136,1062,0.12806026,12.806,,,,,,
q1_yes_only,user20,Q4,instance_separation,판단불가,soft,1,1062,0.00094162,0.0942,,,,,,
q1_yes_only,user20,Q4,instance_separation,부정확,critical,49,1062,0.04613936,4.6139,,,,,,
q1_yes_only,user20,Q4,instance_separation,실패,critical,0,1062,0,0,,,,,,
q1_yes_only,user1,Q5,mask_quality,정확,good,905,1134,0.79805996,79.806,,,,,,
q1_yes_only,user1,Q5,mask_quality,수용 가능,soft,181,1134,0.15961199,15.9612,,,,,,
q1_yes_only,user1,Q5,mask_quality,판단불가,soft,11,1134,0.00970018,0.97,,,,,,
q1_yes_only,user1,Q5,mask_quality,부정확,critical,34,1134,0.02998236,2.9982,,,,,,
q1_yes_only,user1,Q5,mask_quality,실패,critical,3,1134,0.0026455,0.2646,,,,,,
q1_yes_only,user2,Q5,mask_quality,정확,good,848,1150,0.7373913,73.7391,,,,,,
q1_yes_only,user2,Q5,mask_quality,수용 가능,soft,260,1150,0.22608696,22.6087,,,,,,
q1_yes_only,user2,Q5,mask_quality,판단불가,soft,3,1150,0.0026087,0.2609,,,,,,
q1_yes_only,user2,Q5,mask_quality,부정확,critical,32,1150,0.02782609,2.7826,,,,,,
q1_yes_only,user2,Q5,mask_quality,실패,critical,7,1150,0.00608696,0.6087,,,,,,
q1_yes_only,user3,Q5,mask_quality,정확,good,740,1180,0.62711864,62.7119,,,,,,
q1_yes_only,user3,Q5,mask_quality,수용 가능,soft,379,1180,0.32118644,32.1186,,,,,,
q1_yes_only,user3,Q5,mask_quality,판단불가,soft,1,1180,0.00084746,0.0847,,,,,,
q1_yes_only,user3,Q5,mask_quality,부정확,critical,54,1180,0.04576271,4.5763,,,,,,
q1_yes_only,user3,Q5,mask_quality,실패,critical,6,1180,0.00508475,0.5085,,,,,,
q1_yes_only,user4,Q5,mask_quality,정확,good,889,1237,0.71867421,71.8674,,,,,,
q1_yes_only,user4,Q5,mask_quality,수용 가능,soft,263,1237,0.21261116,21.2611,,,,,,
q1_yes_only,user4,Q5,mask_quality,판단불가,soft,2,1237,0.00161681,0.1617,,,,,,
q1_yes_only,user4,Q5,mask_quality,부정확,critical,81,1237,0.065481,6.5481,,,,,,
q1_yes_only,user4,Q5,mask_quality,실패,critical,2,1237,0.00161681,0.1617,,,,,,
q1_yes_only,user5,Q5,mask_quality,정확,good,720,1069,0.67352666,67.3527,,,,,,
q1_yes_only,user5,Q5,mask_quality,수용 가능,soft,234,1069,0.21889616,21.8896,,,,,,
q1_yes_only,user5,Q5,mask_quality,판단불가,soft,4,1069,0.00374181,0.3742,,,,,,
q1_yes_only,user5,Q5,mask_quality,부정확,critical,85,1069,0.07951356,7.9514,,,,,,
q1_yes_only,user5,Q5,mask_quality,실패,critical,26,1069,0.0243218,2.4322,,,,,,
q1_yes_only,user6,Q5,mask_quality,정확,good,1028,1200,0.85666667,85.6667,,,,,,
q1_yes_only,user6,Q5,mask_quality,수용 가능,soft,125,1200,0.10416667,10.4167,,,,,,
q1_yes_only,user6,Q5,mask_quality,판단불가,soft,2,1200,0.00166667,0.1667,,,,,,
q1_yes_only,user6,Q5,mask_quality,부정확,critical,42,1200,0.035,3.5,,,,,,
q1_yes_only,user6,Q5,mask_quality,실패,critical,3,1200,0.0025,0.25,,,,,,
q1_yes_only,user7,Q5,mask_quality,정확,good,1099,1240,0.88629032,88.629,,,,,,
q1_yes_only,user7,Q5,mask_quality,수용 가능,soft,106,1240,0.08548387,8.5484,,,,,,
q1_yes_only,user7,Q5,mask_quality,판단불가,soft,0,1240,0,0,,,,,,
q1_yes_only,user7,Q5,mask_quality,부정확,critical,35,1240,0.02822581,2.8226,,,,,,
q1_yes_only,user7,Q5,mask_quality,실패,critical,0,1240,0,0,,,,,,
q1_yes_only,user8,Q5,mask_quality,정확,good,864,1077,0.80222841,80.2228,,,,,,
q1_yes_only,user8,Q5,mask_quality,수용 가능,soft,181,1077,0.16805942,16.8059,,,,,,
q1_yes_only,user8,Q5,mask_quality,판단불가,soft,1,1077,0.00092851,0.0929,,,,,,
q1_yes_only,user8,Q5,mask_quality,부정확,critical,29,1077,0.02692665,2.6927,,,,,,
q1_yes_only,user8,Q5,mask_quality,실패,critical,2,1077,0.00185701,0.1857,,,,,,
q1_yes_only,user9,Q5,mask_quality,정확,good,1033,1188,0.86952862,86.9529,,,,,,
q1_yes_only,user9,Q5,mask_quality,수용 가능,soft,143,1188,0.12037037,12.037,,,,,,
q1_yes_only,user9,Q5,mask_quality,판단불가,soft,0,1188,0,0,,,,,,
q1_yes_only,user9,Q5,mask_quality,부정확,critical,12,1188,0.01010101,1.0101,,,,,,
q1_yes_only,user9,Q5,mask_quality,실패,critical,0,1188,0,0,,,,,,
q1_yes_only,user10,Q5,mask_quality,정확,good,883,1169,0.75534645,75.5346,,,,,,
q1_yes_only,user10,Q5,mask_quality,수용 가능,soft,227,1169,0.19418306,19.4183,,,,,,
q1_yes_only,user10,Q5,mask_quality,판단불가,soft,1,1169,0.00085543,0.0855,,,,,,
q1_yes_only,user10,Q5,mask_quality,부정확,critical,54,1169,0.04619333,4.6193,,,,,,
q1_yes_only,user10,Q5,mask_quality,실패,critical,4,1169,0.00342173,0.3422,,,,,,
q1_yes_only,user11,Q5,mask_quality,정확,good,1068,1234,0.86547812,86.5478,,,,,,
q1_yes_only,user11,Q5,mask_quality,수용 가능,soft,145,1234,0.11750405,11.7504,,,,,,
q1_yes_only,user11,Q5,mask_quality,판단불가,soft,2,1234,0.00162075,0.1621,,,,,,
q1_yes_only,user11,Q5,mask_quality,부정확,critical,19,1234,0.01539708,1.5397,,,,,,
q1_yes_only,user11,Q5,mask_quality,실패,critical,0,1234,0,0,,,,,,
q1_yes_only,user12,Q5,mask_quality,정확,good,771,1229,0.6273393,62.7339,,,,,,
q1_yes_only,user12,Q5,mask_quality,수용 가능,soft,445,1229,0.36208299,36.2083,,,,,,
q1_yes_only,user12,Q5,mask_quality,판단불가,soft,1,1229,0.00081367,0.0814,,,,,,
q1_yes_only,user12,Q5,mask_quality,부정확,critical,11,1229,0.00895037,0.895,,,,,,
q1_yes_only,user12,Q5,mask_quality,실패,critical,1,1229,0.00081367,0.0814,,,,,,
q1_yes_only,user13,Q5,mask_quality,정확,good,1122,1125,0.99733333,99.7333,,,,,,
q1_yes_only,user13,Q5,mask_quality,수용 가능,soft,0,1125,0,0,,,,,,
q1_yes_only,user13,Q5,mask_quality,판단불가,soft,0,1125,0,0,,,,,,
q1_yes_only,user13,Q5,mask_quality,부정확,critical,2,1125,0.00177778,0.1778,,,,,,
q1_yes_only,user13,Q5,mask_quality,실패,critical,1,1125,0.00088889,0.0889,,,,,,
q1_yes_only,user14,Q5,mask_quality,정확,good,1024,1284,0.79750779,79.7508,,,,,,
q1_yes_only,user14,Q5,mask_quality,수용 가능,soft,229,1284,0.17834891,17.8349,,,,,,
q1_yes_only,user14,Q5,mask_quality,판단불가,soft,1,1284,0.00077882,0.0779,,,,,,
q1_yes_only,user14,Q5,mask_quality,부정확,critical,27,1284,0.02102804,2.1028,,,,,,
q1_yes_only,user14,Q5,mask_quality,실패,critical,3,1284,0.00233645,0.2336,,,,,,
q1_yes_only,user15,Q5,mask_quality,정확,good,837,1219,0.68662838,68.6628,,,,,,
q1_yes_only,user15,Q5,mask_quality,수용 가능,soft,239,1219,0.19606235,19.6062,,,,,,
q1_yes_only,user15,Q5,mask_quality,판단불가,soft,0,1219,0,0,,,,,,
q1_yes_only,user15,Q5,mask_quality,부정확,critical,112,1219,0.09187859,9.1879,,,,,,
q1_yes_only,user15,Q5,mask_quality,실패,critical,31,1219,0.02543068,2.5431,,,,,,
q1_yes_only,user16,Q5,mask_quality,정확,good,1097,1165,0.9416309,94.1631,,,,,,
q1_yes_only,user16,Q5,mask_quality,수용 가능,soft,44,1165,0.03776824,3.7768,,,,,,
q1_yes_only,user16,Q5,mask_quality,판단불가,soft,0,1165,0,0,,,,,,
q1_yes_only,user16,Q5,mask_quality,부정확,critical,22,1165,0.01888412,1.8884,,,,,,
q1_yes_only,user16,Q5,mask_quality,실패,critical,2,1165,0.00171674,0.1717,,,,,,
q1_yes_only,user17,Q5,mask_quality,정확,good,543,954,0.56918239,56.9182,,,,,,
q1_yes_only,user17,Q5,mask_quality,수용 가능,soft,372,954,0.38993711,38.9937,,,,,,
q1_yes_only,user17,Q5,mask_quality,판단불가,soft,1,954,0.00104822,0.1048,,,,,,
q1_yes_only,user17,Q5,mask_quality,부정확,critical,34,954,0.03563941,3.5639,,,,,,
q1_yes_only,user17,Q5,mask_quality,실패,critical,4,954,0.00419287,0.4193,,,,,,
q1_yes_only,user18,Q5,mask_quality,정확,good,1033,1288,0.80201863,80.2019,,,,,,
q1_yes_only,user18,Q5,mask_quality,수용 가능,soft,206,1288,0.15993789,15.9938,,,,,,
q1_yes_only,user18,Q5,mask_quality,판단불가,soft,0,1288,0,0,,,,,,
q1_yes_only,user18,Q5,mask_quality,부정확,critical,47,1288,0.03649068,3.6491,,,,,,
q1_yes_only,user18,Q5,mask_quality,실패,critical,2,1288,0.0015528,0.1553,,,,,,
q1_yes_only,user19,Q5,mask_quality,정확,good,1228,1379,0.89050036,89.05,,,,,,
q1_yes_only,user19,Q5,mask_quality,수용 가능,soft,108,1379,0.07831762,7.8318,,,,,,
q1_yes_only,user19,Q5,mask_quality,판단불가,soft,1,1379,0.00072516,0.0725,,,,,,
q1_yes_only,user19,Q5,mask_quality,부정확,critical,40,1379,0.02900653,2.9007,,,,,,
q1_yes_only,user19,Q5,mask_quality,실패,critical,2,1379,0.00145033,0.145,,,,,,
q1_yes_only,user20,Q5,mask_quality,정확,good,984,1062,0.92655367,92.6554,,,,,,
q1_yes_only,user20,Q5,mask_quality,수용 가능,soft,36,1062,0.03389831,3.3898,,,,,,
q1_yes_only,user20,Q5,mask_quality,판단불가,soft,1,1062,0.00094162,0.0942,,,,,,
q1_yes_only,user20,Q5,mask_quality,부정확,critical,41,1062,0.0386064,3.8606,,,,,,
q1_yes_only,user20,Q5,mask_quality,실패,critical,0,1062,0,0,,,,,,
q1_yes_only,user1,Q6,decomposition_nonleaf,없음,good,314,353,0.88951841,88.9518,,,,,,
q1_yes_only,user1,Q6,decomposition_nonleaf,조금 있음,soft,25,353,0.07082153,7.0822,,,,,,
q1_yes_only,user1,Q6,decomposition_nonleaf,판단불가,soft,11,353,0.03116147,3.1161,,,,,,
q1_yes_only,user1,Q6,decomposition_nonleaf,많이 있음,critical,3,353,0.00849858,0.8499,,,,,,
q1_yes_only,user2,Q6,decomposition_nonleaf,없음,good,350,368,0.95108696,95.1087,,,,,,
q1_yes_only,user2,Q6,decomposition_nonleaf,조금 있음,soft,4,368,0.01086957,1.087,,,,,,
q1_yes_only,user2,Q6,decomposition_nonleaf,판단불가,soft,13,368,0.03532609,3.5326,,,,,,
q1_yes_only,user2,Q6,decomposition_nonleaf,많이 있음,critical,1,368,0.00271739,0.2717,,,,,,
q1_yes_only,user3,Q6,decomposition_nonleaf,없음,good,373,378,0.98677249,98.6772,,,,,,
q1_yes_only,user3,Q6,decomposition_nonleaf,조금 있음,soft,3,378,0.00793651,0.7937,,,,,,
q1_yes_only,user3,Q6,decomposition_nonleaf,판단불가,soft,0,378,0,0,,,,,,
q1_yes_only,user3,Q6,decomposition_nonleaf,많이 있음,critical,2,378,0.00529101,0.5291,,,,,,
q1_yes_only,user4,Q6,decomposition_nonleaf,없음,good,392,405,0.96790123,96.7901,,,,,,
q1_yes_only,user4,Q6,decomposition_nonleaf,조금 있음,soft,6,405,0.01481481,1.4815,,,,,,
q1_yes_only,user4,Q6,decomposition_nonleaf,판단불가,soft,3,405,0.00740741,0.7407,,,,,,
q1_yes_only,user4,Q6,decomposition_nonleaf,많이 있음,critical,4,405,0.00987654,0.9877,,,,,,
q1_yes_only,user5,Q6,decomposition_nonleaf,없음,good,319,350,0.91142857,91.1429,,,,,,
q1_yes_only,user5,Q6,decomposition_nonleaf,조금 있음,soft,9,350,0.02571429,2.5714,,,,,,
q1_yes_only,user5,Q6,decomposition_nonleaf,판단불가,soft,1,350,0.00285714,0.2857,,,,,,
q1_yes_only,user5,Q6,decomposition_nonleaf,많이 있음,critical,21,350,0.06,6,,,,,,
q1_yes_only,user6,Q6,decomposition_nonleaf,없음,good,378,388,0.9742268,97.4227,,,,,,
q1_yes_only,user6,Q6,decomposition_nonleaf,조금 있음,soft,5,388,0.0128866,1.2887,,,,,,
q1_yes_only,user6,Q6,decomposition_nonleaf,판단불가,soft,1,388,0.00257732,0.2577,,,,,,
q1_yes_only,user6,Q6,decomposition_nonleaf,많이 있음,critical,4,388,0.01030928,1.0309,,,,,,
q1_yes_only,user7,Q6,decomposition_nonleaf,없음,good,395,401,0.98503741,98.5037,,,,,,
q1_yes_only,user7,Q6,decomposition_nonleaf,조금 있음,soft,5,401,0.01246883,1.2469,,,,,,
q1_yes_only,user7,Q6,decomposition_nonleaf,판단불가,soft,0,401,0,0,,,,,,
q1_yes_only,user7,Q6,decomposition_nonleaf,많이 있음,critical,1,401,0.00249377,0.2494,,,,,,
q1_yes_only,user8,Q6,decomposition_nonleaf,없음,good,349,353,0.98866856,98.8669,,,,,,
q1_yes_only,user8,Q6,decomposition_nonleaf,조금 있음,soft,4,353,0.01133144,1.1331,,,,,,
q1_yes_only,user8,Q6,decomposition_nonleaf,판단불가,soft,0,353,0,0,,,,,,
q1_yes_only,user8,Q6,decomposition_nonleaf,많이 있음,critical,0,353,0,0,,,,,,
q1_yes_only,user9,Q6,decomposition_nonleaf,없음,good,358,380,0.94210526,94.2105,,,,,,
q1_yes_only,user9,Q6,decomposition_nonleaf,조금 있음,soft,18,380,0.04736842,4.7368,,,,,,
q1_yes_only,user9,Q6,decomposition_nonleaf,판단불가,soft,3,380,0.00789474,0.7895,,,,,,
q1_yes_only,user9,Q6,decomposition_nonleaf,많이 있음,critical,1,380,0.00263158,0.2632,,,,,,
q1_yes_only,user10,Q6,decomposition_nonleaf,없음,good,375,400,0.9375,93.75,,,,,,
q1_yes_only,user10,Q6,decomposition_nonleaf,조금 있음,soft,19,400,0.0475,4.75,,,,,,
q1_yes_only,user10,Q6,decomposition_nonleaf,판단불가,soft,2,400,0.005,0.5,,,,,,
q1_yes_only,user10,Q6,decomposition_nonleaf,많이 있음,critical,4,400,0.01,1,,,,,,
q1_yes_only,user11,Q6,decomposition_nonleaf,없음,good,309,419,0.73747017,73.747,,,,,,
q1_yes_only,user11,Q6,decomposition_nonleaf,조금 있음,soft,81,419,0.19331742,19.3317,,,,,,
q1_yes_only,user11,Q6,decomposition_nonleaf,판단불가,soft,0,419,0,0,,,,,,
q1_yes_only,user11,Q6,decomposition_nonleaf,많이 있음,critical,29,419,0.06921241,6.9212,,,,,,
q1_yes_only,user12,Q6,decomposition_nonleaf,없음,good,393,400,0.9825,98.25,,,,,,
q1_yes_only,user12,Q6,decomposition_nonleaf,조금 있음,soft,6,400,0.015,1.5,,,,,,
q1_yes_only,user12,Q6,decomposition_nonleaf,판단불가,soft,0,400,0,0,,,,,,
q1_yes_only,user12,Q6,decomposition_nonleaf,많이 있음,critical,1,400,0.0025,0.25,,,,,,
q1_yes_only,user13,Q6,decomposition_nonleaf,없음,good,341,364,0.93681319,93.6813,,,,,,
q1_yes_only,user13,Q6,decomposition_nonleaf,조금 있음,soft,20,364,0.05494505,5.4945,,,,,,
q1_yes_only,user13,Q6,decomposition_nonleaf,판단불가,soft,0,364,0,0,,,,,,
q1_yes_only,user13,Q6,decomposition_nonleaf,많이 있음,critical,3,364,0.00824176,0.8242,,,,,,
q1_yes_only,user14,Q6,decomposition_nonleaf,없음,good,390,430,0.90697674,90.6977,,,,,,
q1_yes_only,user14,Q6,decomposition_nonleaf,조금 있음,soft,35,430,0.08139535,8.1395,,,,,,
q1_yes_only,user14,Q6,decomposition_nonleaf,판단불가,soft,4,430,0.00930233,0.9302,,,,,,
q1_yes_only,user14,Q6,decomposition_nonleaf,많이 있음,critical,1,430,0.00232558,0.2326,,,,,,
q1_yes_only,user15,Q6,decomposition_nonleaf,없음,good,352,391,0.90025575,90.0256,,,,,,
q1_yes_only,user15,Q6,decomposition_nonleaf,조금 있음,soft,38,391,0.0971867,9.7187,,,,,,
q1_yes_only,user15,Q6,decomposition_nonleaf,판단불가,soft,0,391,0,0,,,,,,
q1_yes_only,user15,Q6,decomposition_nonleaf,많이 있음,critical,1,391,0.00255754,0.2558,,,,,,
q1_yes_only,user16,Q6,decomposition_nonleaf,없음,good,386,394,0.97969543,97.9695,,,,,,
q1_yes_only,user16,Q6,decomposition_nonleaf,조금 있음,soft,4,394,0.01015228,1.0152,,,,,,
q1_yes_only,user16,Q6,decomposition_nonleaf,판단불가,soft,0,394,0,0,,,,,,
q1_yes_only,user16,Q6,decomposition_nonleaf,많이 있음,critical,4,394,0.01015228,1.0152,,,,,,
q1_yes_only,user17,Q6,decomposition_nonleaf,없음,good,259,302,0.85761589,85.7616,,,,,,
q1_yes_only,user17,Q6,decomposition_nonleaf,조금 있음,soft,34,302,0.11258278,11.2583,,,,,,
q1_yes_only,user17,Q6,decomposition_nonleaf,판단불가,soft,0,302,0,0,,,,,,
q1_yes_only,user17,Q6,decomposition_nonleaf,많이 있음,critical,9,302,0.02980132,2.9801,,,,,,
q1_yes_only,user18,Q6,decomposition_nonleaf,없음,good,397,398,0.99748744,99.7487,,,,,,
q1_yes_only,user18,Q6,decomposition_nonleaf,조금 있음,soft,1,398,0.00251256,0.2513,,,,,,
q1_yes_only,user18,Q6,decomposition_nonleaf,판단불가,soft,0,398,0,0,,,,,,
q1_yes_only,user18,Q6,decomposition_nonleaf,많이 있음,critical,0,398,0,0,,,,,,
q1_yes_only,user19,Q6,decomposition_nonleaf,없음,good,420,449,0.93541203,93.5412,,,,,,
q1_yes_only,user19,Q6,decomposition_nonleaf,조금 있음,soft,28,449,0.0623608,6.2361,,,,,,
q1_yes_only,user19,Q6,decomposition_nonleaf,판단불가,soft,0,449,0,0,,,,,,
q1_yes_only,user19,Q6,decomposition_nonleaf,많이 있음,critical,1,449,0.00222717,0.2227,,,,,,
q1_yes_only,user20,Q6,decomposition_nonleaf,없음,good,335,374,0.89572193,89.5722,,,,,,
q1_yes_only,user20,Q6,decomposition_nonleaf,조금 있음,soft,34,374,0.09090909,9.0909,,,,,,
q1_yes_only,user20,Q6,decomposition_nonleaf,판단불가,soft,0,374,0,0,,,,,,
q1_yes_only,user20,Q6,decomposition_nonleaf,많이 있음,critical,5,374,0.01336898,1.3369,,,,,,
q1_yes_only,user1,Q7,missing_child_nonleaf,없음,good,298,353,0.84419263,84.4193,,,,,,
q1_yes_only,user1,Q7,missing_child_nonleaf,조금 있음,soft,42,353,0.11898017,11.898,,,,,,
q1_yes_only,user1,Q7,missing_child_nonleaf,판단불가,soft,12,353,0.03399433,3.3994,,,,,,
q1_yes_only,user1,Q7,missing_child_nonleaf,많이 있음,critical,1,353,0.00283286,0.2833,,,,,,
q1_yes_only,user2,Q7,missing_child_nonleaf,없음,good,348,368,0.94565217,94.5652,,,,,,
q1_yes_only,user2,Q7,missing_child_nonleaf,조금 있음,soft,17,368,0.04619565,4.6196,,,,,,
q1_yes_only,user2,Q7,missing_child_nonleaf,판단불가,soft,2,368,0.00543478,0.5435,,,,,,
q1_yes_only,user2,Q7,missing_child_nonleaf,많이 있음,critical,1,368,0.00271739,0.2717,,,,,,
q1_yes_only,user3,Q7,missing_child_nonleaf,없음,good,296,378,0.78306878,78.3069,,,,,,
q1_yes_only,user3,Q7,missing_child_nonleaf,조금 있음,soft,78,378,0.20634921,20.6349,,,,,,
q1_yes_only,user3,Q7,missing_child_nonleaf,판단불가,soft,0,378,0,0,,,,,,
q1_yes_only,user3,Q7,missing_child_nonleaf,많이 있음,critical,4,378,0.01058201,1.0582,,,,,,
q1_yes_only,user4,Q7,missing_child_nonleaf,없음,good,385,405,0.95061728,95.0617,,,,,,
q1_yes_only,user4,Q7,missing_child_nonleaf,조금 있음,soft,17,405,0.04197531,4.1975,,,,,,
q1_yes_only,user4,Q7,missing_child_nonleaf,판단불가,soft,2,405,0.00493827,0.4938,,,,,,
q1_yes_only,user4,Q7,missing_child_nonleaf,많이 있음,critical,1,405,0.00246914,0.2469,,,,,,
q1_yes_only,user5,Q7,missing_child_nonleaf,없음,good,311,350,0.88857143,88.8571,,,,,,
q1_yes_only,user5,Q7,missing_child_nonleaf,조금 있음,soft,33,350,0.09428571,9.4286,,,,,,
q1_yes_only,user5,Q7,missing_child_nonleaf,판단불가,soft,1,350,0.00285714,0.2857,,,,,,
q1_yes_only,user5,Q7,missing_child_nonleaf,많이 있음,critical,5,350,0.01428571,1.4286,,,,,,
q1_yes_only,user6,Q7,missing_child_nonleaf,없음,good,387,388,0.99742268,99.7423,,,,,,
q1_yes_only,user6,Q7,missing_child_nonleaf,조금 있음,soft,1,388,0.00257732,0.2577,,,,,,
q1_yes_only,user6,Q7,missing_child_nonleaf,판단불가,soft,0,388,0,0,,,,,,
q1_yes_only,user6,Q7,missing_child_nonleaf,많이 있음,critical,0,388,0,0,,,,,,
q1_yes_only,user7,Q7,missing_child_nonleaf,없음,good,397,401,0.99002494,99.0025,,,,,,
q1_yes_only,user7,Q7,missing_child_nonleaf,조금 있음,soft,3,401,0.0074813,0.7481,,,,,,
q1_yes_only,user7,Q7,missing_child_nonleaf,판단불가,soft,0,401,0,0,,,,,,
q1_yes_only,user7,Q7,missing_child_nonleaf,많이 있음,critical,1,401,0.00249377,0.2494,,,,,,
q1_yes_only,user8,Q7,missing_child_nonleaf,없음,good,341,353,0.96600567,96.6006,,,,,,
q1_yes_only,user8,Q7,missing_child_nonleaf,조금 있음,soft,12,353,0.03399433,3.3994,,,,,,
q1_yes_only,user8,Q7,missing_child_nonleaf,판단불가,soft,0,353,0,0,,,,,,
q1_yes_only,user8,Q7,missing_child_nonleaf,많이 있음,critical,0,353,0,0,,,,,,
q1_yes_only,user9,Q7,missing_child_nonleaf,없음,good,344,380,0.90526316,90.5263,,,,,,
q1_yes_only,user9,Q7,missing_child_nonleaf,조금 있음,soft,32,380,0.08421053,8.4211,,,,,,
q1_yes_only,user9,Q7,missing_child_nonleaf,판단불가,soft,3,380,0.00789474,0.7895,,,,,,
q1_yes_only,user9,Q7,missing_child_nonleaf,많이 있음,critical,1,380,0.00263158,0.2632,,,,,,
q1_yes_only,user10,Q7,missing_child_nonleaf,없음,good,311,400,0.7775,77.75,,,,,,
q1_yes_only,user10,Q7,missing_child_nonleaf,조금 있음,soft,77,400,0.1925,19.25,,,,,,
q1_yes_only,user10,Q7,missing_child_nonleaf,판단불가,soft,0,400,0,0,,,,,,
q1_yes_only,user10,Q7,missing_child_nonleaf,많이 있음,critical,12,400,0.03,3,,,,,,
q1_yes_only,user11,Q7,missing_child_nonleaf,없음,good,416,419,0.9928401,99.284,,,,,,
q1_yes_only,user11,Q7,missing_child_nonleaf,조금 있음,soft,3,419,0.0071599,0.716,,,,,,
q1_yes_only,user11,Q7,missing_child_nonleaf,판단불가,soft,0,419,0,0,,,,,,
q1_yes_only,user11,Q7,missing_child_nonleaf,많이 있음,critical,0,419,0,0,,,,,,
q1_yes_only,user12,Q7,missing_child_nonleaf,없음,good,395,400,0.9875,98.75,,,,,,
q1_yes_only,user12,Q7,missing_child_nonleaf,조금 있음,soft,4,400,0.01,1,,,,,,
q1_yes_only,user12,Q7,missing_child_nonleaf,판단불가,soft,1,400,0.0025,0.25,,,,,,
q1_yes_only,user12,Q7,missing_child_nonleaf,많이 있음,critical,0,400,0,0,,,,,,
q1_yes_only,user13,Q7,missing_child_nonleaf,없음,good,361,364,0.99175824,99.1758,,,,,,
q1_yes_only,user13,Q7,missing_child_nonleaf,조금 있음,soft,2,364,0.00549451,0.5495,,,,,,
q1_yes_only,user13,Q7,missing_child_nonleaf,판단불가,soft,1,364,0.00274725,0.2747,,,,,,
q1_yes_only,user13,Q7,missing_child_nonleaf,많이 있음,critical,0,364,0,0,,,,,,
q1_yes_only,user14,Q7,missing_child_nonleaf,없음,good,383,430,0.89069767,89.0698,,,,,,
q1_yes_only,user14,Q7,missing_child_nonleaf,조금 있음,soft,44,430,0.10232558,10.2326,,,,,,
q1_yes_only,user14,Q7,missing_child_nonleaf,판단불가,soft,1,430,0.00232558,0.2326,,,,,,
q1_yes_only,user14,Q7,missing_child_nonleaf,많이 있음,critical,2,430,0.00465116,0.4651,,,,,,
q1_yes_only,user15,Q7,missing_child_nonleaf,없음,good,331,391,0.84654731,84.6547,,,,,,
q1_yes_only,user15,Q7,missing_child_nonleaf,조금 있음,soft,54,391,0.13810742,13.8107,,,,,,
q1_yes_only,user15,Q7,missing_child_nonleaf,판단불가,soft,0,391,0,0,,,,,,
q1_yes_only,user15,Q7,missing_child_nonleaf,많이 있음,critical,6,391,0.01534527,1.5345,,,,,,
q1_yes_only,user16,Q7,missing_child_nonleaf,없음,good,394,394,1,100,,,,,,
q1_yes_only,user16,Q7,missing_child_nonleaf,조금 있음,soft,0,394,0,0,,,,,,
q1_yes_only,user16,Q7,missing_child_nonleaf,판단불가,soft,0,394,0,0,,,,,,
q1_yes_only,user16,Q7,missing_child_nonleaf,많이 있음,critical,0,394,0,0,,,,,,
q1_yes_only,user17,Q7,missing_child_nonleaf,없음,good,200,302,0.66225166,66.2252,,,,,,
q1_yes_only,user17,Q7,missing_child_nonleaf,조금 있음,soft,94,302,0.31125828,31.1258,,,,,,
q1_yes_only,user17,Q7,missing_child_nonleaf,판단불가,soft,0,302,0,0,,,,,,
q1_yes_only,user17,Q7,missing_child_nonleaf,많이 있음,critical,8,302,0.02649007,2.649,,,,,,
q1_yes_only,user18,Q7,missing_child_nonleaf,없음,good,392,398,0.98492462,98.4925,,,,,,
q1_yes_only,user18,Q7,missing_child_nonleaf,조금 있음,soft,6,398,0.01507538,1.5075,,,,,,
q1_yes_only,user18,Q7,missing_child_nonleaf,판단불가,soft,0,398,0,0,,,,,,
q1_yes_only,user18,Q7,missing_child_nonleaf,많이 있음,critical,0,398,0,0,,,,,,
q1_yes_only,user19,Q7,missing_child_nonleaf,없음,good,429,449,0.95545657,95.5457,,,,,,
q1_yes_only,user19,Q7,missing_child_nonleaf,조금 있음,soft,18,449,0.04008909,4.0089,,,,,,
q1_yes_only,user19,Q7,missing_child_nonleaf,판단불가,soft,0,449,0,0,,,,,,
q1_yes_only,user19,Q7,missing_child_nonleaf,많이 있음,critical,2,449,0.00445434,0.4454,,,,,,
q1_yes_only,user20,Q7,missing_child_nonleaf,없음,good,371,374,0.99197861,99.1979,,,,,,
q1_yes_only,user20,Q7,missing_child_nonleaf,조금 있음,soft,3,374,0.00802139,0.8021,,,,,,
q1_yes_only,user20,Q7,missing_child_nonleaf,판단불가,soft,0,374,0,0,,,,,,
q1_yes_only,user20,Q7,missing_child_nonleaf,많이 있음,critical,0,374,0,0,,,,,,
q1_yes_only,user1,Q8,leaf_stop,예,good,751,781,0.96158771,96.1588,,,,,,
q1_yes_only,user1,Q8,leaf_stop,판단불가,soft,0,781,0,0,,,,,,
q1_yes_only,user1,Q8,leaf_stop,아니오,critical,30,781,0.03841229,3.8412,,,,,,
q1_yes_only,user2,Q8,leaf_stop,예,good,777,782,0.99360614,99.3606,,,,,,
q1_yes_only,user2,Q8,leaf_stop,판단불가,soft,0,782,0,0,,,,,,
q1_yes_only,user2,Q8,leaf_stop,아니오,critical,5,782,0.00639386,0.6394,,,,,,
q1_yes_only,user3,Q8,leaf_stop,예,good,789,802,0.98379052,98.3791,,,,,,
q1_yes_only,user3,Q8,leaf_stop,판단불가,soft,0,802,0,0,,,,,,
q1_yes_only,user3,Q8,leaf_stop,아니오,critical,13,802,0.01620948,1.6209,,,,,,
q1_yes_only,user4,Q8,leaf_stop,예,good,803,832,0.96514423,96.5144,,,,,,
q1_yes_only,user4,Q8,leaf_stop,판단불가,soft,2,832,0.00240385,0.2404,,,,,,
q1_yes_only,user4,Q8,leaf_stop,아니오,critical,27,832,0.03245192,3.2452,,,,,,
q1_yes_only,user5,Q8,leaf_stop,예,good,709,719,0.98609179,98.6092,,,,,,
q1_yes_only,user5,Q8,leaf_stop,판단불가,soft,2,719,0.00278164,0.2782,,,,,,
q1_yes_only,user5,Q8,leaf_stop,아니오,critical,8,719,0.01112656,1.1127,,,,,,
q1_yes_only,user6,Q8,leaf_stop,예,good,811,812,0.99876847,99.8768,,,,,,
q1_yes_only,user6,Q8,leaf_stop,판단불가,soft,0,812,0,0,,,,,,
q1_yes_only,user6,Q8,leaf_stop,아니오,critical,1,812,0.00123153,0.1232,,,,,,
q1_yes_only,user7,Q8,leaf_stop,예,good,834,839,0.99404052,99.4041,,,,,,
q1_yes_only,user7,Q8,leaf_stop,판단불가,soft,0,839,0,0,,,,,,
q1_yes_only,user7,Q8,leaf_stop,아니오,critical,5,839,0.00595948,0.5959,,,,,,
q1_yes_only,user8,Q8,leaf_stop,예,good,716,724,0.98895028,98.895,,,,,,
q1_yes_only,user8,Q8,leaf_stop,판단불가,soft,0,724,0,0,,,,,,
q1_yes_only,user8,Q8,leaf_stop,아니오,critical,8,724,0.01104972,1.105,,,,,,
q1_yes_only,user9,Q8,leaf_stop,예,good,799,808,0.98886139,98.8861,,,,,,
q1_yes_only,user9,Q8,leaf_stop,판단불가,soft,0,808,0,0,,,,,,
q1_yes_only,user9,Q8,leaf_stop,아니오,critical,9,808,0.01113861,1.1139,,,,,,
q1_yes_only,user10,Q8,leaf_stop,예,good,732,769,0.95188557,95.1886,,,,,,
q1_yes_only,user10,Q8,leaf_stop,판단불가,soft,0,769,0,0,,,,,,
q1_yes_only,user10,Q8,leaf_stop,아니오,critical,37,769,0.04811443,4.8114,,,,,,
q1_yes_only,user11,Q8,leaf_stop,예,good,812,815,0.99631902,99.6319,,,,,,
q1_yes_only,user11,Q8,leaf_stop,판단불가,soft,0,815,0,0,,,,,,
q1_yes_only,user11,Q8,leaf_stop,아니오,critical,3,815,0.00368098,0.3681,,,,,,
q1_yes_only,user12,Q8,leaf_stop,예,good,828,829,0.99879373,99.8794,,,,,,
q1_yes_only,user12,Q8,leaf_stop,판단불가,soft,0,829,0,0,,,,,,
q1_yes_only,user12,Q8,leaf_stop,아니오,critical,1,829,0.00120627,0.1206,,,,,,
q1_yes_only,user13,Q8,leaf_stop,예,good,760,761,0.99868594,99.8686,,,,,,
q1_yes_only,user13,Q8,leaf_stop,판단불가,soft,0,761,0,0,,,,,,
q1_yes_only,user13,Q8,leaf_stop,아니오,critical,1,761,0.00131406,0.1314,,,,,,
q1_yes_only,user14,Q8,leaf_stop,예,good,844,854,0.9882904,98.829,,,,,,
q1_yes_only,user14,Q8,leaf_stop,판단불가,soft,0,854,0,0,,,,,,
q1_yes_only,user14,Q8,leaf_stop,아니오,critical,10,854,0.0117096,1.171,,,,,,
q1_yes_only,user15,Q8,leaf_stop,예,good,802,828,0.96859903,96.8599,,,,,,
q1_yes_only,user15,Q8,leaf_stop,판단불가,soft,0,828,0,0,,,,,,
q1_yes_only,user15,Q8,leaf_stop,아니오,critical,26,828,0.03140097,3.1401,,,,,,
q1_yes_only,user16,Q8,leaf_stop,예,good,771,771,1,100,,,,,,
q1_yes_only,user16,Q8,leaf_stop,판단불가,soft,0,771,0,0,,,,,,
q1_yes_only,user16,Q8,leaf_stop,아니오,critical,0,771,0,0,,,,,,
q1_yes_only,user17,Q8,leaf_stop,예,good,621,652,0.95245399,95.2454,,,,,,
q1_yes_only,user17,Q8,leaf_stop,판단불가,soft,1,652,0.00153374,0.1534,,,,,,
q1_yes_only,user17,Q8,leaf_stop,아니오,critical,30,652,0.04601227,4.6012,,,,,,
q1_yes_only,user18,Q8,leaf_stop,예,good,885,890,0.99438202,99.4382,,,,,,
q1_yes_only,user18,Q8,leaf_stop,판단불가,soft,0,890,0,0,,,,,,
q1_yes_only,user18,Q8,leaf_stop,아니오,critical,5,890,0.00561798,0.5618,,,,,,
q1_yes_only,user19,Q8,leaf_stop,예,good,910,930,0.97849462,97.8495,,,,,,
q1_yes_only,user19,Q8,leaf_stop,판단불가,soft,0,930,0,0,,,,,,
q1_yes_only,user19,Q8,leaf_stop,아니오,critical,20,930,0.02150538,2.1505,,,,,,
q1_yes_only,user20,Q8,leaf_stop,예,good,686,688,0.99709302,99.7093,,,,,,
q1_yes_only,user20,Q8,leaf_stop,판단불가,soft,1,688,0.00145349,0.1453,,,,,,
q1_yes_only,user20,Q8,leaf_stop,아니오,critical,1,688,0.00145349,0.1453,,,,,,
